plot,typeKey,typeShort,typeCode,typeFull,deed,houseNo,area,areaAdd,priceStart,priceDiff,priceNet,apprSCB,status,note
แปลง,ไทป์,ชื่อไทป์,รหัสไทป์,ไทป์เต็ม,เลขโฉนด,บ้านเลขที่,เนื้อที่(ตร.ว.),เนื้อที่เพิ่ม,ราคาตั้งต้น,ราคาส่วนเพิ่ม,ราคาขายสุทธิ,ราคาประเมินSCB,สถานะการขาย,หมายเหตุ
1,A,บ้านเดี่ยว 2 ชั้น,A ULTRA,A ULTRA บ้านเดี่ยว2ชั้น,247056,89/1,51.8,1.7999999999999972,3790000,153999.9999999999,3944000,4791800,ว่าง,
2,A,บ้านเดี่ยว 2 ชั้น,A ULTRA,A ULTRA บ้านเดี่ยว2ชั้น,247057,89/2,51,1,3790000,30000,3820000,4674000,โอนแล้ว,โอน 20 มี.ค.69
3,A,บ้านเดี่ยว 2 ชั้น,A ULTRA,A ULTRA บ้านเดี่ยว2ชั้น,247058,89/3,51,1,3790000,30000,3820000,4674000,โอนแล้ว,โอน 20 มี.ค.69
4,A,บ้านเดี่ยว 2 ชั้น,A ULTRA,A ULTRA บ้านเดี่ยว2ชั้น,247059,89/4,81.2,31.200000000000003,3790000,724000,4514000,5629700,โอนแล้ว,โอน 27 มี.ค.69
5,A,บ้านเดี่ยว 2 ชั้น,A ULTRA,A ULTRA บ้านเดี่ยว2ชั้น,247060,89/5,80.8,30.799999999999997,3990000,1023999.9999999999,5014000,5618300,สัญญา,
6,A,บ้านเดี่ยว 2 ชั้น,A ULTRA,A ULTRA บ้านเดี่ยว2ชั้น,247061,89/6,51,1,3790000,30000,3820000,4674000,สัญญา,
7,A,บ้านเดี่ยว 2 ชั้น,A ULTRA,A ULTRA บ้านเดี่ยว2ชั้น,247062,89/7,51,1,3790000,30000,3820000,4674000,ว่าง,
8,A,บ้านเดี่ยว 2 ชั้น,A ULTRA,A ULTRA บ้านเดี่ยว2ชั้น,247063,89/8,60.5,10.5,3790000,415000,4205000,5039750,สัญญา,
9,A,บ้านเดี่ยว 2 ชั้น,A ULTRA,A ULTRA บ้านเดี่ยว2ชั้น,247064,89/9,73.3,23.299999999999997,3790000,798999.9999999999,4589000,5499550,สัญญา,
10,A,บ้านเดี่ยว 2 ชั้น,A ULTRA,A ULTRA บ้านเดี่ยว2ชั้น,247065,89/10,51,1,3790000,30000,3820000,4674000,สัญญา,
11,A,บ้านเดี่ยว 2 ชั้น,A ULTRA,A ULTRA บ้านเดี่ยว2ชั้น,247066,89/11,51,1,3790000,30000,3820000,4674000,ว่าง,
12,A,บ้านเดี่ยว 2 ชั้น,A ULTRA,A ULTRA บ้านเดี่ยว2ชั้น,247067,89/12,51,1,3790000,30000,3820000,4674000,ว่าง,
13,A,บ้านเดี่ยว 2 ชั้น,A ULTRA,A ULTRA บ้านเดี่ยว2ชั้น,247068,89/13,104,54,3790000,1720000,5510000,6374500,ว่าง,
14,A,บ้านเดี่ยว 2 ชั้น,A ULTRA,A ULTRA บ้านเดี่ยว2ชั้น,247069,89/14,90.8,40.8,3790000,1324000,5114000,5998300,ว่าง,
15,A,บ้านเดี่ยว 2 ชั้น,A ULTRA,A ULTRA บ้านเดี่ยว2ชั้น,247070,89/15,51,1,3790000,30000,3820000,4674000,ว่าง,
16,A,บ้านเดี่ยว 2 ชั้น,A ULTRA,A ULTRA บ้านเดี่ยว2ชั้น,247071,89/16,51,1,3790000,30000,3820000,4674000,ว่าง,
17,A,บ้านเดี่ยว 2 ชั้น,A ULTRA,A ULTRA บ้านเดี่ยว2ชั้น,247072,89/17,51,1,3790000,30000,3820000,4674000,ว่าง,
18,A,บ้านเดี่ยว 2 ชั้น,A ULTRA,A ULTRA บ้านเดี่ยว2ชั้น,247073,89/18,51,1,3790000,30000,3820000,4674000,ว่าง,
19,A,บ้านเดี่ยว 2 ชั้น,A ULTRA,A ULTRA บ้านเดี่ยว2ชั้น,247074,89/19,51.7,1.7000000000000028,3790000,151000.0000000001,3941000,4883950,สัญญา,
20,A,บ้านเดี่ยว 2 ชั้น,A ULTRA,A ULTRA บ้านเดี่ยว2ชั้น,247075,89/20,51.1,1.1000000000000014,3790000,133000.00000000006,3923000,4866850,ว่าง,
21,A,บ้านเดี่ยว 2 ชั้น,A ULTRA,A ULTRA บ้านเดี่ยว2ชั้น,247076,89/21,51,1,3790000,30000,3820000,4674000,ว่าง,
22,A,บ้านเดี่ยว 2 ชั้น,A ULTRA,A ULTRA บ้านเดี่ยว2ชั้น,247077,89/22,51,1,3790000,30000,3820000,4674000,ว่าง,
23,A,บ้านเดี่ยว 2 ชั้น,A ULTRA,A ULTRA บ้านเดี่ยว2ชั้น,247078,89/23,51,1,3790000,30000,3820000,4674000,ว่าง,
24,A,บ้านเดี่ยว 2 ชั้น,A ULTRA,A ULTRA บ้านเดี่ยว2ชั้น,247079,89/24,51,1,3790000,30000,3820000,4674000,ว่าง,
25,A,บ้านเดี่ยว 2 ชั้น,A ULTRA,A ULTRA บ้านเดี่ยว2ชั้น,247080,89/25,51,1,3790000,30000,3820000,4674000,ว่าง,
26,A,บ้านเดี่ยว 2 ชั้น,A ULTRA,A ULTRA บ้านเดี่ยว2ชั้น,247081,89/26,65.6,15.599999999999994,3790000,567999.9999999998,4358000,5207000,ว่าง,
27,A,บ้านเดี่ยว 2 ชั้น,A ULTRA,A ULTRA บ้านเดี่ยว2ชั้น,247082,89/27,76.5,26.5,3790000,895000,4685000,5534000,ว่าง,
28,A,บ้านเดี่ยว 2 ชั้น,A ULTRA,A ULTRA บ้านเดี่ยว2ชั้น,247083,89/28,51,1,3790000,30000,3820000,4674000,ว่าง,
29,A,บ้านเดี่ยว 2 ชั้น,A ULTRA,A ULTRA บ้านเดี่ยว2ชั้น,247084,89/29,51,1,3790000,30000,3820000,4674000,ว่าง,
30,A,บ้านเดี่ยว 2 ชั้น,A ULTRA,A ULTRA บ้านเดี่ยว2ชั้น,247085,89/30,51,1,3790000,30000,3820000,4674000,ว่าง,
31,A,บ้านเดี่ยว 2 ชั้น,A ULTRA,A ULTRA บ้านเดี่ยว2ชั้น,,89/31,51,1,3790000,30000,3820000,4674000,ว่าง,
32,A,บ้านเดี่ยว 2 ชั้น,A ULTRA,A ULTRA บ้านเดี่ยว2ชั้น,247086,89/32,51,1,3790000,30000,3820000,4674000,ว่าง,
33,A,บ้านเดี่ยว 2 ชั้น,A ULTRA,A ULTRA บ้านเดี่ยว2ชั้น,247087,89/33,59.8,9.799999999999997,3790000,393999.99999999994,4184000,5033000,ว่าง,
34,A,บ้านเดี่ยว 2 ชั้น,A ULTRA,A ULTRA บ้านเดี่ยว2ชั้น,247088,89/34,67.3,17.299999999999997,3790000,619000,4409000,5258000,ว่าง,
35,A,บ้านเดี่ยว 2 ชั้น,A ULTRA,A ULTRA บ้านเดี่ยว2ชั้น,247089,89/35,51,1,3790000,30000,3820000,4674000,ว่าง,
36,A,บ้านเดี่ยว 2 ชั้น,A ULTRA,A ULTRA บ้านเดี่ยว2ชั้น,247090,89/36,51,1,3790000,30000,3820000,4674000,ว่าง,
37,A,บ้านเดี่ยว 2 ชั้น,A ULTRA,A ULTRA บ้านเดี่ยว2ชั้น,247091,89/37,51,1,3790000,30000,3820000,4674000,ว่าง,
38,A,บ้านเดี่ยว 2 ชั้น,A ULTRA,A ULTRA บ้านเดี่ยว2ชั้น,247092,89/38,51,1,3790000,30000,3820000,4674000,ว่าง,
39,A,บ้านเดี่ยว 2 ชั้น,A ULTRA,A ULTRA บ้านเดี่ยว2ชั้น,247093,89/39,51,1,3790000,30000,3820000,4674000,ว่าง,
40,A,บ้านเดี่ยว 2 ชั้น,A ULTRA,A ULTRA บ้านเดี่ยว2ชั้น,247094,89/40,79.8,29.799999999999997,3790000,993999.9999999999,4784000,5633000,ว่าง,
41,A,บ้านเดี่ยว 2 ชั้น,A ULTRA,A ULTRA บ้านเดี่ยว2ชั้น,247095,89/41,71.2,21.200000000000003,3790000,736000.0000000001,4526000,5375000,ว่าง,
42,A,บ้านเดี่ยว 2 ชั้น,A ULTRA,A ULTRA บ้านเดี่ยว2ชั้น,247096,89/42,51,1,3790000,30000,3820000,4674000,ว่าง,
43,A,บ้านเดี่ยว 2 ชั้น,A ULTRA,A ULTRA บ้านเดี่ยว2ชั้น,247097,89/43,51,1,3790000,30000,3820000,4674000,ว่าง,
44,A,บ้านเดี่ยว 2 ชั้น,A ULTRA,A ULTRA บ้านเดี่ยว2ชั้น,247098,89/44,51,1,3790000,30000,3820000,4674000,ว่าง,
45,A,บ้านเดี่ยว 2 ชั้น,A ULTRA,A ULTRA บ้านเดี่ยว2ชั้น,247099,89/45,51,1,3790000,30000,3820000,4674000,ว่าง,
46,A,บ้านเดี่ยว 2 ชั้น,A ULTRA,A ULTRA บ้านเดี่ยว2ชั้น,247100,89/46,51,1,3790000,30000,3820000,4674000,ว่าง,
47,A,บ้านเดี่ยว 2 ชั้น,A ULTRA,A ULTRA บ้านเดี่ยว2ชั้น,247101,89/47,71.2,21.200000000000003,3790000,736000.0000000001,4526000,5375000,ว่าง,
48,B,บ้านเดี่ยวชั้นเดียว,B MINUTES,B MUNUTESบ้านเดี่ยวชั้นเดียว,247102,89/48,57.6,7.600000000000001,2850000,328000,3178000,3874100,ว่าง,
49,B,บ้านเดี่ยวชั้นเดียว,B MINUTES,B MUNUTESบ้านเดี่ยวชั้นเดียว,247103,89/49,60.6,10.600000000000001,2850000,418000.00000000006,3268000,3959600,ว่าง,
50,B,บ้านเดี่ยวชั้นเดียว,B MINUTES,B MUNUTESบ้านเดี่ยวชั้นเดียว,247104,89/50,56.8,6.799999999999997,2850000,303999.9999999999,3154000,3851300,ว่าง,
51,B,บ้านเดี่ยวชั้นเดียว,B MINUTES,B MUNUTESบ้านเดี่ยวชั้นเดียว,247105,89/51,59.9,9.899999999999999,2850000,396999.99999999994,3247000,3939650,ว่าง,
52,B,บ้านเดี่ยวชั้นเดียว,B MINUTES,B MUNUTESบ้านเดี่ยวชั้นเดียว,247106,89/52,50.3,0.29999999999999716,2850000,108999.99999999991,2959000,3666050,ว่าง,
53,B,บ้านเดี่ยวชั้นเดียว,B MINUTES,B MUNUTESบ้านเดี่ยวชั้นเดียว,247107,89/53,53.4,3.3999999999999986,2850000,201999.99999999994,3052000,3754400,ว่าง,
54,B,บ้านเดี่ยวชั้นเดียว,B MINUTES,B MUNUTESบ้านเดี่ยวชั้นเดียว,247108,89/54,50.1,0.10000000000000142,2850000,103000.00000000004,2953000,3660350,ว่าง,
55,B,บ้านเดี่ยวชั้นเดียว,B MINUTES,B MUNUTESบ้านเดี่ยวชั้นเดียว,247109,89/55,51.3,1.2999999999999972,2850000,138999.9999999999,2989000,3694550,ว่าง,
56,B,บ้านเดี่ยวชั้นเดียว,B MINUTES,B MUNUTESบ้านเดี่ยวชั้นเดียว,247110,89/56,50.2,0.20000000000000284,2850000,106000.00000000009,2956000,3663200,ว่าง,
57,B,บ้านเดี่ยวชั้นเดียว,B MINUTES,B MUNUTESบ้านเดี่ยวชั้นเดียว,247111,89/57,53.3,3.299999999999997,2850000,198999.9999999999,3049000,3751550,ว่าง,
58,B,บ้านเดี่ยวชั้นเดียว,B MINUTES,B MUNUTESบ้านเดี่ยวชั้นเดียว,247112,89/58,52.4,2.3999999999999986,2850000,171999.99999999994,3022000,3725900,ว่าง,
59,B,บ้านเดี่ยวชั้นเดียว,B MINUTES,B MUNUTESบ้านเดี่ยวชั้นเดียว,247113,89/59,55.5,5.5,2850000,265000,3115000,3814250,สัญญา,
60,B,บ้านเดี่ยวชั้นเดียว,B MINUTES,B MUNUTESบ้านเดี่ยวชั้นเดียว,247114,89/60,60.2,10.200000000000003,2850000,406000.00000000006,3256000,3948200,สัญญา,
61,B,บ้านเดี่ยวชั้นเดียว,B MINUTES,B MUNUTESบ้านเดี่ยวชั้นเดียว,247115,89/61,63.3,13.299999999999997,2850000,498999.99999999994,3349000,4036550,สัญญา,
62,C,บ้านแฝดชั้นเดียว,C SECOND,C SECONDบ้านแฝดชั้นเดียว,247116,89/62,74.5,39.5,2390000,1285000,3675000,4345750,ว่าง,
63,C,บ้านแฝดชั้นเดียว,C SECOND,C SECONDบ้านแฝดชั้นเดียว,247117,89/63,41.2,6.200000000000003,2390000,186000.0000000001,2576000,3301700,ว่าง,
64,C,บ้านแฝดชั้นเดียว,C SECOND,C SECONDบ้านแฝดชั้นเดียว,247118,89/64,41.2,6.200000000000003,2390000,186000.0000000001,2576000,3301700,ว่าง,
65,C,บ้านแฝดชั้นเดียว,C SECOND,C SECONDบ้านแฝดชั้นเดียว,247119,89/65,41.2,6.200000000000003,2390000,186000.0000000001,2576000,3301700,ว่าง,
66,C,บ้านแฝดชั้นเดียว,C SECOND,C SECONDบ้านแฝดชั้นเดียว,247120,89/66,41.2,6.200000000000003,2390000,186000.0000000001,2576000,3301700,ว่าง,
67,C,บ้านแฝดชั้นเดียว,C SECOND,C SECONDบ้านแฝดชั้นเดียว,247121,89/67,41.2,6.200000000000003,2390000,186000.0000000001,2576000,3301700,ว่าง,
68,C,บ้านแฝดชั้นเดียว,C SECOND,C SECONDบ้านแฝดชั้นเดียว,247122,89/68,41.2,6.200000000000003,2390000,186000.0000000001,2576000,3301700,ว่าง,
69,C,บ้านแฝดชั้นเดียว,C SECOND,C SECONDบ้านแฝดชั้นเดียว,247123,89/69,41.2,6.200000000000003,2390000,186000.0000000001,2576000,3301700,ว่าง,
70,C,บ้านแฝดชั้นเดียว,C SECOND,C SECONDบ้านแฝดชั้นเดียว,247124,89/70,41.2,6.200000000000003,2390000,186000.0000000001,2576000,3301700,ว่าง,
71,C,บ้านแฝดชั้นเดียว,C SECOND,C SECONDบ้านแฝดชั้นเดียว,247125,89/71,41.2,6.200000000000003,2390000,186000.0000000001,2576000,3301700,ว่าง,
72,C,บ้านแฝดชั้นเดียว,C SECOND,C SECONDบ้านแฝดชั้นเดียว,247126,89/72,41.2,6.200000000000003,2390000,186000.0000000001,2576000,3301700,ว่าง,
73,C,บ้านแฝดชั้นเดียว,C SECOND,C SECONDบ้านแฝดชั้นเดียว,247127,89/73,51.9,16.9,2390000,607000,2997000,3701650,ว่าง,
74,C,บ้านแฝดชั้นเดียว,C SECOND,C SECONDบ้านแฝดชั้นเดียว,247128,89/74,52.1,17.1,2390000,613000,3003000,3707350,ว่าง,
75,C,บ้านแฝดชั้นเดียว,C SECOND,C SECONDบ้านแฝดชั้นเดียว,247129,89/75,41.3,6.299999999999997,2390000,188999.9999999999,2579000,3304550,ว่าง,
76,C,บ้านแฝดชั้นเดียว,C SECOND,C SECONDบ้านแฝดชั้นเดียว,247130,89/76,41.3,6.299999999999997,2390000,188999.9999999999,2579000,3304550,ว่าง,
77,C,บ้านแฝดชั้นเดียว,C SECOND,C SECONDบ้านแฝดชั้นเดียว,247131,89/77,41.3,6.299999999999997,2390000,188999.9999999999,2579000,3304550,ว่าง,
78,C,บ้านแฝดชั้นเดียว,C SECOND,C SECONDบ้านแฝดชั้นเดียว,247132,89/78,41.3,6.299999999999997,2390000,188999.9999999999,2579000,3304550,ว่าง,
79,C,บ้านแฝดชั้นเดียว,C SECOND,C SECONDบ้านแฝดชั้นเดียว,247133,89/79,41.3,6.299999999999997,2390000,188999.9999999999,2579000,3304550,ว่าง,
80,C,บ้านแฝดชั้นเดียว,C SECOND,C SECONDบ้านแฝดชั้นเดียว,247134,89/80,41.3,6.299999999999997,2390000,188999.9999999999,2579000,3304550,ว่าง,
81,C,บ้านแฝดชั้นเดียว,C SECOND,C SECONDบ้านแฝดชั้นเดียว,247135,89/81,41.3,6.299999999999997,2390000,188999.9999999999,2579000,3304550,ว่าง,
82,C,บ้านแฝดชั้นเดียว,C SECOND,C SECONDบ้านแฝดชั้นเดียว,247136,89/82,41.3,6.299999999999997,2390000,188999.9999999999,2579000,3304550,ว่าง,
83,C,บ้านแฝดชั้นเดียว,C SECOND,C SECONDบ้านแฝดชั้นเดียว,247137,89/83,41.3,6.299999999999997,2390000,188999.9999999999,2579000,3304550,ว่าง,
84,C,บ้านแฝดชั้นเดียว,C SECOND,C SECONDบ้านแฝดชั้นเดียว,247138,89/84,41.3,6.299999999999997,2390000,188999.9999999999,2579000,3304550,ว่าง,
85,C,บ้านแฝดชั้นเดียว,C SECOND,C SECONDบ้านแฝดชั้นเดียว,247139,89/85,46.4,11.399999999999999,2390000,441999.99999999994,2832000,3544900,ว่าง,
86,C,บ้านแฝดชั้นเดียว,C SECOND,C SECONDบ้านแฝดชั้นเดียว,247140,89/86,52.4,17.4,2390000,622000,3012000,3715900,ว่าง,
87,C,บ้านแฝดชั้นเดียว,C SECOND,C SECONDบ้านแฝดชั้นเดียว,247141,89/87,41.3,6.299999999999997,2390000,188999.9999999999,2579000,3304550,ว่าง,
88,C,บ้านแฝดชั้นเดียว,C SECOND,C SECONDบ้านแฝดชั้นเดียว,247142,89/88,41.3,6.299999999999997,2390000,188999.9999999999,2579000,3304550,ว่าง,
89,C,บ้านแฝดชั้นเดียว,C SECOND,C SECONDบ้านแฝดชั้นเดียว,247143,89/89,41.3,6.299999999999997,2390000,188999.9999999999,2579000,3304550,ว่าง,
90,C,บ้านแฝดชั้นเดียว,C SECOND,C SECONDบ้านแฝดชั้นเดียว,247144,89/90,41.3,6.299999999999997,2390000,188999.9999999999,2579000,3304550,ว่าง,
91,C,บ้านแฝดชั้นเดียว,C SECOND,C SECONDบ้านแฝดชั้นเดียว,247145,89/91,41.3,6.299999999999997,2390000,188999.9999999999,2579000,3304550,ว่าง,
92,C,บ้านแฝดชั้นเดียว,C SECOND,C SECONDบ้านแฝดชั้นเดียว,247146,89/92,41.3,6.299999999999997,2390000,188999.9999999999,2579000,3304550,ว่าง,
93,C,บ้านแฝดชั้นเดียว,C SECOND,C SECONDบ้านแฝดชั้นเดียว,247147,89/93,41.3,6.299999999999997,2390000,188999.9999999999,2579000,3304550,ว่าง,
94,C,บ้านแฝดชั้นเดียว,C SECOND,C SECONDบ้านแฝดชั้นเดียว,247148,89/94,41.3,6.299999999999997,2390000,188999.9999999999,2579000,3304550,ว่าง,
95,C,บ้านแฝดชั้นเดียว,C SECOND,C SECONDบ้านแฝดชั้นเดียว,247149,89/95,41.3,6.299999999999997,2390000,188999.9999999999,2579000,3304550,ว่าง,
96,C,บ้านแฝดชั้นเดียว,C SECOND,C SECONDบ้านแฝดชั้นเดียว,247150,89/96,41.3,6.299999999999997,2390000,188999.9999999999,2579000,3304550,ว่าง,
97,C,บ้านแฝดชั้นเดียว,C SECOND,C SECONDบ้านแฝดชั้นเดียว,247151,89/97,48.2,13.200000000000003,2390000,496000.00000000006,2886000,3596200,ว่าง,
98,C,บ้านแฝดชั้นเดียว,C SECOND,C SECONDบ้านแฝดชั้นเดียว,247152,89/98,47.7,12.700000000000003,2390000,481000.00000000006,2871000,3581950,ว่าง,
99,C,บ้านแฝดชั้นเดียว,C SECOND,C SECONDบ้านแฝดชั้นเดียว,247153,89/99,41.2,6.200000000000003,2390000,186000.0000000001,2576000,3301700,ว่าง,
100,C,บ้านแฝดชั้นเดียว,C SECOND,C SECONDบ้านแฝดชั้นเดียว,247154,89/100,41.2,6.200000000000003,2390000,186000.0000000001,2576000,3301700,ว่าง,
101,C,บ้านแฝดชั้นเดียว,C SECOND,C SECONDบ้านแฝดชั้นเดียว,247155,89/101,41.2,6.200000000000003,2390000,186000.0000000001,2576000,3301700,ว่าง,
102,C,บ้านแฝดชั้นเดียว,C SECOND,C SECONDบ้านแฝดชั้นเดียว,247156,89/102,41.2,6.200000000000003,2390000,186000.0000000001,2576000,3301700,ว่าง,
103,C,บ้านแฝดชั้นเดียว,C SECOND,C SECONDบ้านแฝดชั้นเดียว,247157,89/103,41.2,6.200000000000003,2390000,186000.0000000001,2576000,3301700,ว่าง,
104,C,บ้านแฝดชั้นเดียว,C SECOND,C SECONDบ้านแฝดชั้นเดียว,247158,89/104,41.2,6.200000000000003,2390000,186000.0000000001,2576000,3301700,ว่าง,
105,C,บ้านแฝดชั้นเดียว,C SECOND,C SECONDบ้านแฝดชั้นเดียว,247159,89/105,41.2,6.200000000000003,2390000,186000.0000000001,2576000,3301700,ว่าง,
106,C,บ้านแฝดชั้นเดียว,C SECOND,C SECONDบ้านแฝดชั้นเดียว,247160,89/106,41.2,6.200000000000003,2390000,186000.0000000001,2576000,3301700,ว่าง,
107,C,บ้านแฝดชั้นเดียว,C SECOND,C SECONDบ้านแฝดชั้นเดียว,247161,89/107,41.2,6.200000000000003,2390000,186000.0000000001,2576000,3301700,ว่าง,
108,C,บ้านแฝดชั้นเดียว,C SECOND,C SECONDบ้านแฝดชั้นเดียว,247162,89/108,41.2,6.200000000000003,2390000,186000.0000000001,2576000,3301700,ว่าง,
109,C,บ้านแฝดชั้นเดียว,C SECOND,C SECONDบ้านแฝดชั้นเดียว,247163,89/109,46.8,11.799999999999997,2390000,453999.99999999994,2844000,3556300,ว่าง,
110,C,บ้านแฝดชั้นเดียว,C SECOND,C SECONDบ้านแฝดชั้นเดียว,247164,89/110,48.9,13.899999999999999,2390000,516999.99999999994,2907000,3616150,ว่าง,
111,C,บ้านแฝดชั้นเดียว,C SECOND,C SECONDบ้านแฝดชั้นเดียว,247165,89/111,41.3,6.299999999999997,2390000,188999.9999999999,2579000,3304550,ว่าง,
112,C,บ้านแฝดชั้นเดียว,C SECOND,C SECONDบ้านแฝดชั้นเดียว,247166,89/112,41.3,6.299999999999997,2390000,188999.9999999999,2579000,3304550,ว่าง,
113,C,บ้านแฝดชั้นเดียว,C SECOND,C SECONDบ้านแฝดชั้นเดียว,247167,89/113,41.3,6.299999999999997,2390000,188999.9999999999,2579000,3304550,ว่าง,
114,C,บ้านแฝดชั้นเดียว,C SECOND,C SECONDบ้านแฝดชั้นเดียว,247168,89/114,41.3,6.299999999999997,2390000,188999.9999999999,2579000,3304550,ว่าง,
115,C,บ้านแฝดชั้นเดียว,C SECOND,C SECONDบ้านแฝดชั้นเดียว,247169,89/115,41.3,6.299999999999997,2390000,188999.9999999999,2579000,3304550,ว่าง,
116,C,บ้านแฝดชั้นเดียว,C SECOND,C SECONDบ้านแฝดชั้นเดียว,247170,89/116,41.3,6.299999999999997,2390000,188999.9999999999,2579000,3304550,ว่าง,
117,C,บ้านแฝดชั้นเดียว,C SECOND,C SECONDบ้านแฝดชั้นเดียว,247171,89/117,41.3,6.299999999999997,2390000,188999.9999999999,2579000,3304550,ว่าง,
118,C,บ้านแฝดชั้นเดียว,C SECOND,C SECONDบ้านแฝดชั้นเดียว,247172,89/118,41.3,6.299999999999997,2390000,188999.9999999999,2579000,3304550,ว่าง,
119,C,บ้านแฝดชั้นเดียว,C SECOND,C SECONDบ้านแฝดชั้นเดียว,247173,89/119,41.3,6.299999999999997,2390000,188999.9999999999,2579000,3304550,ว่าง,
120,C,บ้านแฝดชั้นเดียว,C SECOND,C SECONDบ้านแฝดชั้นเดียว,247174,89/120,41.3,6.299999999999997,2390000,188999.9999999999,2579000,3304550,ว่าง,
121,C,บ้านแฝดชั้นเดียว,C SECOND,C SECONDบ้านแฝดชั้นเดียว,247175,89/121,46.7,11.700000000000003,2390000,451000.00000000006,2841000,3553450,ว่าง,
122,C,บ้านแฝดชั้นเดียว,C SECOND,C SECONDบ้านแฝดชั้นเดียว,247176,89/122,48.5,13.5,2390000,505000,2895000,3604750,ว่าง,
123,C,บ้านแฝดชั้นเดียว,C SECOND,C SECONDบ้านแฝดชั้นเดียว,247177,89/123,41.2,6.200000000000003,2390000,186000.0000000001,2576000,3301700,ว่าง,
124,C,บ้านแฝดชั้นเดียว,C SECOND,C SECONDบ้านแฝดชั้นเดียว,247178,89/124,41.2,6.200000000000003,2390000,186000.0000000001,2576000,3301700,ว่าง,
125,C,บ้านแฝดชั้นเดียว,C SECOND,C SECONDบ้านแฝดชั้นเดียว,247179,89/125,41.2,6.200000000000003,2390000,186000.0000000001,2576000,3301700,ว่าง,
126,C,บ้านแฝดชั้นเดียว,C SECOND,C SECONDบ้านแฝดชั้นเดียว,247180,89/126,41.2,6.200000000000003,2390000,186000.0000000001,2576000,3301700,ว่าง,
127,C,บ้านแฝดชั้นเดียว,C SECOND,C SECONDบ้านแฝดชั้นเดียว,247181,89/127,41.2,6.200000000000003,2390000,186000.0000000001,2576000,3301700,ว่าง,
128,C,บ้านแฝดชั้นเดียว,C SECOND,C SECONDบ้านแฝดชั้นเดียว,247182,89/128,41.2,6.200000000000003,2390000,186000.0000000001,2576000,3301700,ว่าง,
129,C,บ้านแฝดชั้นเดียว,C SECOND,C SECONDบ้านแฝดชั้นเดียว,247183,89/129,41.2,6.200000000000003,2390000,186000.0000000001,2576000,3301700,ว่าง,
130,C,บ้านแฝดชั้นเดียว,C SECOND,C SECONDบ้านแฝดชั้นเดียว,247184,89/130,41.2,6.200000000000003,2390000,186000.0000000001,2576000,3301700,ว่าง,
131,C,บ้านแฝดชั้นเดียว,C SECOND,C SECONDบ้านแฝดชั้นเดียว,247185,89/131,41.2,6.200000000000003,2390000,186000.0000000001,2576000,3301700,ว่าง,
132,C,บ้านแฝดชั้นเดียว,C SECOND,C SECONDบ้านแฝดชั้นเดียว,247186,89/132,41.2,6.200000000000003,2390000,186000.0000000001,2576000,3301700,ว่าง,
133,C,บ้านแฝดชั้นเดียว,C SECOND,C SECONDบ้านแฝดชั้นเดียว,247187,89/133,45.9,10.899999999999999,2390000,426999.99999999994,2817000,3530650,ว่าง,
134,C,บ้านแฝดชั้นเดียว,C SECOND,C SECONDบ้านแฝดชั้นเดียว,247188,89/134,47.4,12.399999999999999,2390000,471999.99999999994,2862000,3573400,ว่าง,
135,C,บ้านแฝดชั้นเดียว,C SECOND,C SECONDบ้านแฝดชั้นเดียว,247189,89/135,41.3,6.299999999999997,2390000,188999.9999999999,2579000,3304550,ว่าง,
136,C,บ้านแฝดชั้นเดียว,C SECOND,C SECONDบ้านแฝดชั้นเดียว,247190,89/136,41.3,6.299999999999997,2390000,188999.9999999999,2579000,3304550,ว่าง,
137,C,บ้านแฝดชั้นเดียว,C SECOND,C SECONDบ้านแฝดชั้นเดียว,247191,89/137,41.3,6.299999999999997,2390000,188999.9999999999,2579000,3304550,ว่าง,
138,C,บ้านแฝดชั้นเดียว,C SECOND,C SECONDบ้านแฝดชั้นเดียว,247192,89/138,41.3,6.299999999999997,2390000,188999.9999999999,2579000,3304550,ว่าง,
139,C,บ้านแฝดชั้นเดียว,C SECOND,C SECONDบ้านแฝดชั้นเดียว,247193,89/139,41.3,6.299999999999997,2390000,188999.9999999999,2579000,3304550,ว่าง,
140,C,บ้านแฝดชั้นเดียว,C SECOND,C SECONDบ้านแฝดชั้นเดียว,247194,89/140,41.3,6.299999999999997,2390000,188999.9999999999,2579000,3304550,ว่าง,
141,C,บ้านแฝดชั้นเดียว,C SECOND,C SECONDบ้านแฝดชั้นเดียว,247195,89/141,41.3,6.299999999999997,2390000,188999.9999999999,2579000,3304550,ว่าง,
142,C,บ้านแฝดชั้นเดียว,C SECOND,C SECONDบ้านแฝดชั้นเดียว,247196,89/142,41.3,6.299999999999997,2390000,188999.9999999999,2579000,3304550,ว่าง,
143,C,บ้านแฝดชั้นเดียว,C SECOND,C SECONDบ้านแฝดชั้นเดียว,247197,89/143,41.3,6.299999999999997,2390000,188999.9999999999,2579000,3304550,ว่าง,
144,C,บ้านแฝดชั้นเดียว,C SECOND,C SECONDบ้านแฝดชั้นเดียว,247198,89/144,41.3,6.299999999999997,2390000,188999.9999999999,2579000,3304550,ว่าง,
145,C,บ้านแฝดชั้นเดียว,C SECOND,C SECONDบ้านแฝดชั้นเดียว,247199,89/145,43.5,8.5,2390000,355000,2745000,3462250,ว่าง,
146,D,ทาวน์โฮม,D MOMENT,D MOMENT บ้านทาวน์โฮม,247200,89/146,54.4,34.4,2200000,1132000,3332000,3915400,ว่าง,
147,D,ทาวน์โฮม,D MOMENT,D MOMENT บ้านทาวน์โฮม,247201,89/147,23.4,3.3999999999999986,2200000,101999.99999999996,2302000,2936900,จอง,
148,D,ทาวน์โฮม,D MOMENT,D MOMENT บ้านทาวน์โฮม,247202,89/148,23.4,3.3999999999999986,2200000,101999.99999999996,2302000,2936900,จอง,
149,D,ทาวน์โฮม,D MOMENT,D MOMENT บ้านทาวน์โฮม,247203,89/149,23.4,3.3999999999999986,2200000,101999.99999999996,2302000,2936900,จอง,
150,D,ทาวน์โฮม,D MOMENT,D MOMENT บ้านทาวน์โฮม,247204,89/150,23.4,3.3999999999999986,2200000,101999.99999999996,2302000,2936900,จอง,
151,D,ทาวน์โฮม,D MOMENT,D MOMENT บ้านทาวน์โฮม,247205,89/151,23.4,3.3999999999999986,2200000,101999.99999999996,2302000,2936900,จอง,
152,D,ทาวน์โฮม,D MOMENT,D MOMENT บ้านทาวน์โฮม,247206,89/152,23.4,3.3999999999999986,2200000,101999.99999999996,2302000,2936900,จอง,
153,D,ทาวน์โฮม,D MOMENT,D MOMENT บ้านทาวน์โฮม,247207,89/153,23.4,3.3999999999999986,2200000,101999.99999999996,2302000,2936900,จอง,
154,D,ทาวน์โฮม,D MOMENT,D MOMENT บ้านทาวน์โฮม,247208,89/154,23.4,3.3999999999999986,2200000,101999.99999999996,2302000,2936900,จอง,
155,D,ทาวน์โฮม,D MOMENT,D MOMENT บ้านทาวน์โฮม,247209,89/155,23.4,3.3999999999999986,2200000,101999.99999999996,2302000,2936900,จอง,
156,D,ทาวน์โฮม,D MOMENT,D MOMENT บ้านทาวน์โฮม,247210,89/156,23.4,3.3999999999999986,2200000,101999.99999999996,2302000,2936900,จอง,
157,D,ทาวน์โฮม,D MOMENT,D MOMENT บ้านทาวน์โฮม,247211,89/157,23.4,3.3999999999999986,2200000,101999.99999999996,2302000,2936900,ว่าง,
158,D,ทาวน์โฮม,D MOMENT,D MOMENT บ้านทาวน์โฮม,247212,89/158,34.2,14.200000000000003,2200000,526000,2726000,3339700,โอนแล้ว,27/03/1969
159,D,ทาวน์โฮม,D MOMENT,D MOMENT บ้านทาวน์โฮม,247213,89/159,36.4,16.4,2200000,592000,2792000,3402400,ขายดาวน์,
160,D,ทาวน์โฮม,D MOMENT,D MOMENT บ้านทาวน์โฮม,247214,89/160,23.4,3.3999999999999986,2200000,101999.99999999996,2302000,2936900,ว่าง,
161,D,ทาวน์โฮม,D MOMENT,D MOMENT บ้านทาวน์โฮม,247215,89/161,23.4,3.3999999999999986,2200000,101999.99999999996,2302000,2936900,ว่าง,
162,D,ทาวน์โฮม,D MOMENT,D MOMENT บ้านทาวน์โฮม,247216,89/162,23.4,3.3999999999999986,2200000,101999.99999999996,2302000,2936900,ว่าง,
163,D,ทาวน์โฮม,D MOMENT,D MOMENT บ้านทาวน์โฮม,247217,89/163,23.4,3.3999999999999986,2200000,101999.99999999996,2302000,2936900,ว่าง,
164,D,ทาวน์โฮม,D MOMENT,D MOMENT บ้านทาวน์โฮม,247218,89/164,23.4,3.3999999999999986,2200000,101999.99999999996,2302000,2936900,ว่าง,
165,D,ทาวน์โฮม,D MOMENT,D MOMENT บ้านทาวน์โฮม,247219,89/165,23.4,3.3999999999999986,2200000,101999.99999999996,2302000,2936900,สัญญา,
166,D,ทาวน์โฮม,D MOMENT,D MOMENT บ้านทาวน์โฮม,247220,89/166,23.4,3.3999999999999986,2200000,101999.99999999996,2302000,2936900,สัญญา,
167,D,ทาวน์โฮม,D MOMENT,D MOMENT บ้านทาวน์โฮม,247221,89/167,23.4,3.3999999999999986,2200000,101999.99999999996,2302000,2936900,ว่าง,
168,D,ทาวน์โฮม,D MOMENT,D MOMENT บ้านทาวน์โฮม,247222,89/168,23.4,3.3999999999999986,2200000,101999.99999999996,2302000,2936900,ว่าง,
169,D,ทาวน์โฮม,D MOMENT,D MOMENT บ้านทาวน์โฮม,247223,89/169,23.4,3.3999999999999986,2200000,101999.99999999996,2302000,2936900,ว่าง,
170,D,ทาวน์โฮม,D MOMENT,D MOMENT บ้านทาวน์โฮม,247224,89/170,23.4,3.3999999999999986,2200000,101999.99999999996,2302000,2936900,ว่าง,
171,D,ทาวน์โฮม,D MOMENT,D MOMENT บ้านทาวน์โฮม,247225,89/171,23.4,3.3999999999999986,2200000,101999.99999999996,2302000,2936900,ว่าง,
172,D,ทาวน์โฮม,D MOMENT,D MOMENT บ้านทาวน์โฮม,247226,89/172,32.8,12.799999999999997,2200000,483999.99999999994,2684000,3299800,สัญญา,
173,D,ทาวน์โฮม,D MOMENT,D MOMENT บ้านทาวน์โฮม,247227,89/173,35.4,15.399999999999999,2200000,562000,2762000,3373900,ว่าง,
174,D,ทาวน์โฮม,D MOMENT,D MOMENT บ้านทาวน์โฮม,247228,89/174,23.4,3.3999999999999986,2200000,101999.99999999996,2302000,2936900,ว่าง,
175,D,ทาวน์โฮม,D MOMENT,D MOMENT บ้านทาวน์โฮม,247229,89/175,23.4,3.3999999999999986,2200000,101999.99999999996,2302000,2936900,ว่าง,
176,D,ทาวน์โฮม,D MOMENT,D MOMENT บ้านทาวน์โฮม,247230,89/176,23.4,3.3999999999999986,2200000,101999.99999999996,2302000,2936900,ว่าง,
177,D,ทาวน์โฮม,D MOMENT,D MOMENT บ้านทาวน์โฮม,247231,89/177,23.4,3.3999999999999986,2200000,101999.99999999996,2302000,2936900,ว่าง,
178,D,ทาวน์โฮม,D MOMENT,D MOMENT บ้านทาวน์โฮม,247232,89/178,23.4,3.3999999999999986,2200000,101999.99999999996,2302000,2936900,ว่าง,
179,D,ทาวน์โฮม,D MOMENT,D MOMENT บ้านทาวน์โฮม,247233,89/179,23.4,3.3999999999999986,2200000,101999.99999999996,2302000,2936900,ว่าง,
180,D,ทาวน์โฮม,D MOMENT,D MOMENT บ้านทาวน์โฮม,247234,89/180,23.4,3.3999999999999986,2200000,101999.99999999996,2302000,2936900,ว่าง,
181,D,ทาวน์โฮม,D MOMENT,D MOMENT บ้านทาวน์โฮม,247235,89/181,23.4,3.3999999999999986,2200000,101999.99999999996,2302000,2936900,ว่าง,
182,D,ทาวน์โฮม,D MOMENT,D MOMENT บ้านทาวน์โฮม,247236,89/182,23.4,3.3999999999999986,2200000,101999.99999999996,2302000,2936900,ว่าง,
183,D,ทาวน์โฮม,D MOMENT,D MOMENT บ้านทาวน์โฮม,247237,89/183,23.4,3.3999999999999986,2200000,101999.99999999996,2302000,2936900,ว่าง,
184,D,ทาวน์โฮม,D MOMENT,D MOMENT บ้านทาวน์โฮม,247238,89/184,23.4,3.3999999999999986,2200000,101999.99999999996,2302000,2936900,ว่าง,
185,D,ทาวน์โฮม,D MOMENT,D MOMENT บ้านทาวน์โฮม,247239,89/185,23.4,3.3999999999999986,2200000,101999.99999999996,2302000,2936900,ว่าง,
186,D,ทาวน์โฮม,D MOMENT,D MOMENT บ้านทาวน์โฮม,247240,89/186,31,11,2200000,430000,2630000,3248500,ว่าง,
187,D,ทาวน์โฮม,D MOMENT,D MOMENT บ้านทาวน์โฮม,247241,89/187,27,7,2200000,310000,2510000,3989500,ว่าง,
188,D,ทาวน์โฮม,D MOMENT,D MOMENT บ้านทาวน์โฮม,247242,89/188,23.4,3.3999999999999986,2200000,101999.99999999996,2302000,2936900,ว่าง,
189,D,ทาวน์โฮม,D MOMENT,D MOMENT บ้านทาวน์โฮม,247243,89/189,23.4,3.3999999999999986,2200000,101999.99999999996,2302000,2936900,ว่าง,
190,D,ทาวน์โฮม,D MOMENT,D MOMENT บ้านทาวน์โฮม,247244,89/190,23.4,3.3999999999999986,2200000,101999.99999999996,2302000,2936900,ว่าง,
191,D,ทาวน์โฮม,D MOMENT,D MOMENT บ้านทาวน์โฮม,247245,89/191,23.4,3.3999999999999986,2200000,101999.99999999996,2302000,2936900,ว่าง,
192,D,ทาวน์โฮม,D MOMENT,D MOMENT บ้านทาวน์โฮม,247246,89/192,23.4,3.3999999999999986,2200000,101999.99999999996,2302000,2936900,ว่าง,
193,D,ทาวน์โฮม,D MOMENT,D MOMENT บ้านทาวน์โฮม,247247,89/193,23.4,3.3999999999999986,2200000,101999.99999999996,2302000,2936900,ว่าง,
194,D,ทาวน์โฮม,D MOMENT,D MOMENT บ้านทาวน์โฮม,247248,89/194,23.4,3.3999999999999986,2200000,101999.99999999996,2302000,2936900,ว่าง,
195,D,ทาวน์โฮม,D MOMENT,D MOMENT บ้านทาวน์โฮม,247249,89/195,23.4,3.3999999999999986,2200000,101999.99999999996,2302000,2936900,ว่าง,
196,D,ทาวน์โฮม,D MOMENT,D MOMENT บ้านทาวน์โฮม,247250,89/196,23.4,3.3999999999999986,2200000,101999.99999999996,2302000,2936900,ว่าง,
197,D,ทาวน์โฮม,D MOMENT,D MOMENT บ้านทาวน์โฮม,247251,89/197,23.4,3.3999999999999986,2200000,101999.99999999996,2302000,2936900,ว่าง,
198,D,ทาวน์โฮม,D MOMENT,D MOMENT บ้านทาวน์โฮม,247252,89/198,23.4,3.3999999999999986,2200000,101999.99999999996,2302000,2936900,ว่าง,
199,D,ทาวน์โฮม,D MOMENT,D MOMENT บ้านทาวน์โฮม,247253,89/199,23.4,3.3999999999999986,2200000,101999.99999999996,2302000,2936900,ว่าง,
200,D,ทาวน์โฮม,D MOMENT,D MOMENT บ้านทาวน์โฮม,247254,89/200,37.2,17.200000000000003,2200000,616000,2816000,3425200,ว่าง,
201,D,ทาวน์โฮม,D MOMENT,D MOMENT บ้านทาวน์โฮม,247255,89/201,32.8,12.799999999999997,2200000,483999.99999999994,2684000,3299800,ว่าง,
202,D,ทาวน์โฮม,D MOMENT,D MOMENT บ้านทาวน์โฮม,247256,89/202,23.4,3.3999999999999986,2200000,101999.99999999996,2302000,2936900,ว่าง,
203,D,ทาวน์โฮม,D MOMENT,D MOMENT บ้านทาวน์โฮม,247257,89/203,23.4,3.3999999999999986,2200000,101999.99999999996,2302000,2936900,ว่าง,
204,D,ทาวน์โฮม,D MOMENT,D MOMENT บ้านทาวน์โฮม,247258,89/204,23.4,3.3999999999999986,2200000,101999.99999999996,2302000,2936900,ว่าง,
205,D,ทาวน์โฮม,D MOMENT,D MOMENT บ้านทาวน์โฮม,247259,89/205,23.4,3.3999999999999986,2200000,101999.99999999996,2302000,2936900,ว่าง,
206,D,ทาวน์โฮม,D MOMENT,D MOMENT บ้านทาวน์โฮม,247260,89/206,23.4,3.3999999999999986,2200000,101999.99999999996,2302000,2936900,ว่าง,
207,D,ทาวน์โฮม,D MOMENT,D MOMENT บ้านทาวน์โฮม,247261,89/207,23.4,3.3999999999999986,2200000,101999.99999999996,2302000,2936900,ว่าง,
208,D,ทาวน์โฮม,D MOMENT,D MOMENT บ้านทาวน์โฮม,247262,89/208,23.4,3.3999999999999986,2200000,101999.99999999996,2302000,2936900,ว่าง,
209,D,ทาวน์โฮม,D MOMENT,D MOMENT บ้านทาวน์โฮม,247263,89/209,23.4,3.3999999999999986,2200000,101999.99999999996,2302000,2936900,ว่าง,
210,D,ทาวน์โฮม,D MOMENT,D MOMENT บ้านทาวน์โฮม,247264,89/210,23.4,3.3999999999999986,2200000,101999.99999999996,2302000,2936900,ว่าง,
211,D,ทาวน์โฮม,D MOMENT,D MOMENT บ้านทาวน์โฮม,247265,89/211,23.4,3.3999999999999986,2200000,101999.99999999996,2302000,2936900,ว่าง,
212,D,ทาวน์โฮม,D MOMENT,D MOMENT บ้านทาวน์โฮม,247266,89/212,23.4,3.3999999999999986,2200000,101999.99999999996,2302000,2936900,ว่าง,
213,D,ทาวน์โฮม,D MOMENT,D MOMENT บ้านทาวน์โฮม,247267,89/213,23.4,3.3999999999999986,2200000,101999.99999999996,2302000,2936900,ว่าง,
214,D,ทาวน์โฮม,D MOMENT,D MOMENT บ้านทาวน์โฮม,247268,89/214,45.1,25.1,2200000,853000,3053000,3650350,ว่าง,
215,D,ทาวน์โฮม,D MOMENT,D MOMENT บ้านทาวน์โฮม,247269,89/215,41,21,2200000,730000,2930000,3533500,ว่าง,
216,D,ทาวน์โฮม,D MOMENT,D MOMENT บ้านทาวน์โฮม,247270,89/216,23.4,3.3999999999999986,2200000,101999.99999999996,2302000,2936900,ว่าง,
217,D,ทาวน์โฮม,D MOMENT,D MOMENT บ้านทาวน์โฮม,247271,89/217,23.4,3.3999999999999986,2200000,101999.99999999996,2302000,2936900,ว่าง,
218,D,ทาวน์โฮม,D MOMENT,D MOMENT บ้านทาวน์โฮม,247272,89/218,23.4,3.3999999999999986,2200000,101999.99999999996,2302000,2936900,ว่าง,
219,D,ทาวน์โฮม,D MOMENT,D MOMENT บ้านทาวน์โฮม,247273,89/219,23.4,3.3999999999999986,2200000,101999.99999999996,2302000,2936900,ว่าง,
220,D,ทาวน์โฮม,D MOMENT,D MOMENT บ้านทาวน์โฮม,247274,89/220,23.4,3.3999999999999986,2200000,101999.99999999996,2302000,2936900,ว่าง,
221,D,ทาวน์โฮม,D MOMENT,D MOMENT บ้านทาวน์โฮม,247275,89/221,23.4,3.3999999999999986,2200000,101999.99999999996,2302000,2936900,ว่าง,
222,D,ทาวน์โฮม,D MOMENT,D MOMENT บ้านทาวน์โฮม,247276,89/222,23.4,3.3999999999999986,2200000,101999.99999999996,2302000,2936900,ว่าง,
223,D,ทาวน์โฮม,D MOMENT,D MOMENT บ้านทาวน์โฮม,247277,89/223,23.4,3.3999999999999986,2200000,101999.99999999996,2302000,2936900,ว่าง,
224,D,ทาวน์โฮม,D MOMENT,D MOMENT บ้านทาวน์โฮม,247278,89/224,23.4,3.3999999999999986,2200000,101999.99999999996,2302000,2936900,ว่าง,
225,D,ทาวน์โฮม,D MOMENT,D MOMENT บ้านทาวน์โฮม,247279,89/225,23.4,3.3999999999999986,2200000,101999.99999999996,2302000,2936900,ว่าง,
226,D,ทาวน์โฮม,D MOMENT,D MOMENT บ้านทาวน์โฮม,247280,89/226,23.4,3.3999999999999986,2200000,101999.99999999996,2302000,2936900,ว่าง,
227,D,ทาวน์โฮม,D MOMENT,D MOMENT บ้านทาวน์โฮม,247281,89/227,23.4,3.3999999999999986,2200000,101999.99999999996,2302000,2936900,ว่าง,
228,D,ทาวน์โฮม,D MOMENT,D MOMENT บ้านทาวน์โฮม,247282,89/228,34.6,14.600000000000001,2200000,538000,2738000,3351100,ว่าง,
229,D,ทาวน์โฮม,D MOMENT,D MOMENT บ้านทาวน์โฮม,247283,89/229,32.8,12.799999999999997,2200000,483999.99999999994,2684000,3299800,ว่าง,
230,D,ทาวน์โฮม,D MOMENT,D MOMENT บ้านทาวน์โฮม,247284,89/230,23.4,3.3999999999999986,2200000,101999.99999999996,2302000,2936900,ว่าง,
231,D,ทาวน์โฮม,D MOMENT,D MOMENT บ้านทาวน์โฮม,247285,89/231,23.4,3.3999999999999986,2200000,101999.99999999996,2302000,2936900,ว่าง,
232,D,ทาวน์โฮม,D MOMENT,D MOMENT บ้านทาวน์โฮม,247286,89/232,23.4,3.3999999999999986,2200000,101999.99999999996,2302000,2936900,ว่าง,
233,D,ทาวน์โฮม,D MOMENT,D MOMENT บ้านทาวน์โฮม,247287,89/233,23.4,3.3999999999999986,2200000,101999.99999999996,2302000,2936900,ว่าง,
234,D,ทาวน์โฮม,D MOMENT,D MOMENT บ้านทาวน์โฮม,247288,89/234,23.4,3.3999999999999986,2200000,101999.99999999996,2302000,2936900,ว่าง,
235,D,ทาวน์โฮม,D MOMENT,D MOMENT บ้านทาวน์โฮม,247289,89/235,23.4,3.3999999999999986,2200000,101999.99999999996,2302000,2936900,ว่าง,
236,D,ทาวน์โฮม,D MOMENT,D MOMENT บ้านทาวน์โฮม,247290,89/236,23.4,3.3999999999999986,2200000,101999.99999999996,2302000,2936900,ว่าง,
237,D,ทาวน์โฮม,D MOMENT,D MOMENT บ้านทาวน์โฮม,247291,89/237,23.4,3.3999999999999986,2200000,101999.99999999996,2302000,2936900,ว่าง,
238,D,ทาวน์โฮม,D MOMENT,D MOMENT บ้านทาวน์โฮม,247292,89/238,23.4,3.3999999999999986,2200000,101999.99999999996,2302000,2936900,ว่าง,
239,D,ทาวน์โฮม,D MOMENT,D MOMENT บ้านทาวน์โฮม,247293,89/239,23.4,3.3999999999999986,2200000,101999.99999999996,2302000,2936900,ว่าง,
240,D,ทาวน์โฮม,D MOMENT,D MOMENT บ้านทาวน์โฮม,247294,89/240,23.4,3.3999999999999986,2200000,101999.99999999996,2302000,2936900,ว่าง,
241,D,ทาวน์โฮม,D MOMENT,D MOMENT บ้านทาวน์โฮม,247295,89/241,23.4,3.3999999999999986,2200000,101999.99999999996,2302000,2936900,ว่าง,
242,D,ทาวน์โฮม,D MOMENT,D MOMENT บ้านทาวน์โฮม,247296,89/242,39.4,19.4,2200000,682000,2882000,3487900,ว่าง,
243,D,ทาวน์โฮม,D MOMENT,D MOMENT บ้านทาวน์โฮม,247297,89/243,35.4,15.399999999999999,2200000,562000,2762000,3373900,ว่าง,
244,D,ทาวน์โฮม,D MOMENT,D MOMENT บ้านทาวน์โฮม,247298,89/244,23.4,3.3999999999999986,2200000,101999.99999999996,2302000,2936900,ว่าง,
245,D,ทาวน์โฮม,D MOMENT,D MOMENT บ้านทาวน์โฮม,247299,89/245,23.4,3.3999999999999986,2200000,101999.99999999996,2302000,2936900,ว่าง,
246,D,ทาวน์โฮม,D MOMENT,D MOMENT บ้านทาวน์โฮม,247300,89/246,23.4,3.3999999999999986,2200000,101999.99999999996,2302000,2936900,ว่าง,
247,D,ทาวน์โฮม,D MOMENT,D MOMENT บ้านทาวน์โฮม,247301,89/247,23.4,3.3999999999999986,2200000,101999.99999999996,2302000,2936900,ว่าง,
248,D,ทาวน์โฮม,D MOMENT,D MOMENT บ้านทาวน์โฮม,247302,89/248,23.4,3.3999999999999986,2200000,101999.99999999996,2302000,2936900,ว่าง,
249,D,ทาวน์โฮม,D MOMENT,D MOMENT บ้านทาวน์โฮม,247303,89/249,23.4,3.3999999999999986,2200000,101999.99999999996,2302000,2936900,ว่าง,
250,D,ทาวน์โฮม,D MOMENT,D MOMENT บ้านทาวน์โฮม,247304,89/250,23.4,3.3999999999999986,2200000,101999.99999999996,2302000,2936900,ว่าง,
251,D,ทาวน์โฮม,D MOMENT,D MOMENT บ้านทาวน์โฮม,247305,89/251,23.4,3.3999999999999986,2200000,101999.99999999996,2302000,2936900,ว่าง,
252,D,ทาวน์โฮม,D MOMENT,D MOMENT บ้านทาวน์โฮม,247306,89/252,23.4,3.3999999999999986,2200000,101999.99999999996,2302000,2936900,ว่าง,
253,D,ทาวน์โฮม,D MOMENT,D MOMENT บ้านทาวน์โฮม,247307,89/253,23.4,3.3999999999999986,2200000,101999.99999999996,2302000,2936900,ว่าง,
254,D,ทาวน์โฮม,D MOMENT,D MOMENT บ้านทาวน์โฮม,247308,89/254,23.4,3.3999999999999986,2200000,101999.99999999996,2302000,2936900,ว่าง,
255,D,ทาวน์โฮม,D MOMENT,D MOMENT บ้านทาวน์โฮม,247309,89/255,23.4,3.3999999999999986,2200000,101999.99999999996,2302000,2936900,ว่าง,
256,D,ทาวน์โฮม,D MOMENT,D MOMENT บ้านทาวน์โฮม,247310,89/256,34.6,14.600000000000001,2200000,538000,2738000,3351100,ว่าง,
257,D,ทาวน์โฮม,D MOMENT,D MOMENT บ้านทาวน์โฮม,247311,89/257,37.2,17.200000000000003,2200000,616000,2816000,3425200,ว่าง,
258,D,ทาวน์โฮม,D MOMENT,D MOMENT บ้านทาวน์โฮม,247312,89/258,23.4,3.3999999999999986,2200000,101999.99999999996,2302000,2936900,ว่าง,
259,D,ทาวน์โฮม,D MOMENT,D MOMENT บ้านทาวน์โฮม,247313,89/259,23.4,3.3999999999999986,2200000,101999.99999999996,2302000,2936900,ว่าง,
260,D,ทาวน์โฮม,D MOMENT,D MOMENT บ้านทาวน์โฮม,247314,89/260,23.4,3.3999999999999986,2200000,101999.99999999996,2302000,2936900,ว่าง,
261,D,ทาวน์โฮม,D MOMENT,D MOMENT บ้านทาวน์โฮม,247315,89/261,23.4,3.3999999999999986,2200000,101999.99999999996,2302000,2936900,ว่าง,
262,D,ทาวน์โฮม,D MOMENT,D MOMENT บ้านทาวน์โฮม,247316,89/262,23.4,3.3999999999999986,2200000,101999.99999999996,2302000,2936900,ว่าง,
263,D,ทาวน์โฮม,D MOMENT,D MOMENT บ้านทาวน์โฮม,247317,89/263,23.4,3.3999999999999986,2200000,101999.99999999996,2302000,2936900,ว่าง,
264,D,ทาวน์โฮม,D MOMENT,D MOMENT บ้านทาวน์โฮม,247318,89/264,23.4,3.3999999999999986,2200000,101999.99999999996,2302000,2936900,ว่าง,
265,D,ทาวน์โฮม,D MOMENT,D MOMENT บ้านทาวน์โฮม,247319,89/265,23.4,3.3999999999999986,2200000,101999.99999999996,2302000,2936900,ว่าง,
266,D,ทาวน์โฮม,D MOMENT,D MOMENT บ้านทาวน์โฮม,247320,89/266,23.4,3.3999999999999986,2200000,101999.99999999996,2302000,2936900,ว่าง,
267,D,ทาวน์โฮม,D MOMENT,D MOMENT บ้านทาวน์โฮม,247321,89/267,23.4,3.3999999999999986,2200000,101999.99999999996,2302000,2936900,ว่าง,
268,D,ทาวน์โฮม,D MOMENT,D MOMENT บ้านทาวน์โฮม,247322,89/268,23.4,3.3999999999999986,2200000,101999.99999999996,2302000,2936900,ว่าง,
269,D,ทาวน์โฮม,D MOMENT,D MOMENT บ้านทาวน์โฮม,247323,89/269,52.8,32.8,2200000,1084000,3284000,3869800,ว่าง,
270,D,ทาวน์โฮม,D MOMENT,D MOMENT บ้านทาวน์โฮม,247324,89/270,48.7,28.700000000000003,2200000,961000.0000000001,3161000,3752950,ว่าง,
271,D,ทาวน์โฮม,D MOMENT,D MOMENT บ้านทาวน์โฮม,247325,89/271,23.4,3.3999999999999986,2200000,101999.99999999996,2302000,2936900,ว่าง,
272,D,ทาวน์โฮม,D MOMENT,D MOMENT บ้านทาวน์โฮม,247326,89/272,23.4,3.3999999999999986,2200000,101999.99999999996,2302000,2936900,ว่าง,
273,D,ทาวน์โฮม,D MOMENT,D MOMENT บ้านทาวน์โฮม,247327,89/273,23.4,3.3999999999999986,2200000,101999.99999999996,2302000,2936900,ว่าง,
274,D,ทาวน์โฮม,D MOMENT,D MOMENT บ้านทาวน์โฮม,247328,89/274,23.4,3.3999999999999986,2200000,101999.99999999996,2302000,2936900,ว่าง,
275,D,ทาวน์โฮม,D MOMENT,D MOMENT บ้านทาวน์โฮม,247329,89/275,23.4,3.3999999999999986,2200000,101999.99999999996,2302000,2936900,ว่าง,
276,D,ทาวน์โฮม,D MOMENT,D MOMENT บ้านทาวน์โฮม,247330,89/276,23.4,3.3999999999999986,2200000,101999.99999999996,2302000,2936900,ว่าง,
277,D,ทาวน์โฮม,D MOMENT,D MOMENT บ้านทาวน์โฮม,247331,89/277,23.4,3.3999999999999986,2200000,101999.99999999996,2302000,2936900,ว่าง,
278,D,ทาวน์โฮม,D MOMENT,D MOMENT บ้านทาวน์โฮม,247332,89/278,23.4,3.3999999999999986,2200000,101999.99999999996,2302000,2936900,ว่าง,
279,D,ทาวน์โฮม,D MOMENT,D MOMENT บ้านทาวน์โฮม,247333,89/279,23.4,3.3999999999999986,2200000,101999.99999999996,2302000,2936900,ว่าง,
280,D,ทาวน์โฮม,D MOMENT,D MOMENT บ้านทาวน์โฮม,247334,89/280,23.4,3.3999999999999986,2200000,101999.99999999996,2302000,2936900,ว่าง,
281,D,ทาวน์โฮม,D MOMENT,D MOMENT บ้านทาวน์โฮม,247335,89/281,23.4,3.3999999999999986,2200000,101999.99999999996,2302000,2936900,ว่าง,
282,D,ทาวน์โฮม,D MOMENT,D MOMENT บ้านทาวน์โฮม,247336,89/282,39,19,2200000,670000,2870000,3476500,ว่าง,
283,D,ทาวน์โฮม,D MOMENT,D MOMENT บ้านทาวน์โฮม,247337,89/283,41.7,21.700000000000003,2200000,751000.0000000001,2951000,3553450,ว่าง,
284,D,ทาวน์โฮม,D MOMENT,D MOMENT บ้านทาวน์โฮม,247338,89/284,23.4,3.3999999999999986,2200000,101999.99999999996,2302000,2936900,ว่าง,
285,D,ทาวน์โฮม,D MOMENT,D MOMENT บ้านทาวน์โฮม,247339,89/285,23.4,3.3999999999999986,2200000,101999.99999999996,2302000,2936900,ว่าง,
286,D,ทาวน์โฮม,D MOMENT,D MOMENT บ้านทาวน์โฮม,247340,89/286,23.4,3.3999999999999986,2200000,101999.99999999996,2302000,2936900,ว่าง,
287,D,ทาวน์โฮม,D MOMENT,D MOMENT บ้านทาวน์โฮม,247341,89/287,23.4,3.3999999999999986,2200000,101999.99999999996,2302000,2936900,ว่าง,
288,D,ทาวน์โฮม,D MOMENT,D MOMENT บ้านทาวน์โฮม,247342,89/288,23.4,3.3999999999999986,2200000,101999.99999999996,2302000,2936900,ว่าง,
289,D,ทาวน์โฮม,D MOMENT,D MOMENT บ้านทาวน์โฮม,247343,89/289,23.4,3.3999999999999986,2200000,101999.99999999996,2302000,2936900,ว่าง,
290,D,ทาวน์โฮม,D MOMENT,D MOMENT บ้านทาวน์โฮม,247344,89/290,23.4,3.3999999999999986,2200000,101999.99999999996,2302000,2936900,ว่าง,
291,D,ทาวน์โฮม,D MOMENT,D MOMENT บ้านทาวน์โฮม,247345,89/291,23.4,3.3999999999999986,2200000,101999.99999999996,2302000,2936900,ว่าง,
292,D,ทาวน์โฮม,D MOMENT,D MOMENT บ้านทาวน์โฮม,247346,89/292,23.4,3.3999999999999986,2200000,101999.99999999996,2302000,2936900,ว่าง,
293,D,ทาวน์โฮม,D MOMENT,D MOMENT บ้านทาวน์โฮม,247347,89/293,23.4,3.3999999999999986,2200000,101999.99999999996,2302000,2936900,ว่าง,
294,D,ทาวน์โฮม,D MOMENT,D MOMENT บ้านทาวน์โฮม,247348,89/294,23.4,3.3999999999999986,2200000,101999.99999999996,2302000,2936900,ว่าง,
295,D,ทาวน์โฮม,D MOMENT,D MOMENT บ้านทาวน์โฮม,247349,89/295,42.7,22.700000000000003,2200000,781000.0000000001,2981000,3581950,ว่าง,
296,D,ทาวน์โฮม,D MOMENT,D MOMENT บ้านทาวน์โฮม,247350,89/296,38.6,18.6,2200000,658000,2858000,3465100,ว่าง,
297,D,ทาวน์โฮม,D MOMENT,D MOMENT บ้านทาวน์โฮม,247351,89/297,23.4,3.3999999999999986,2200000,101999.99999999996,2302000,2936900,ว่าง,
298,D,ทาวน์โฮม,D MOMENT,D MOMENT บ้านทาวน์โฮม,247352,89/298,23.4,3.3999999999999986,2200000,101999.99999999996,2302000,2936900,ว่าง,
299,D,ทาวน์โฮม,D MOMENT,D MOMENT บ้านทาวน์โฮม,247353,89/299,23.4,3.3999999999999986,2200000,101999.99999999996,2302000,2936900,ว่าง,
300,D,ทาวน์โฮม,D MOMENT,D MOMENT บ้านทาวน์โฮม,247354,89/300,23.4,3.3999999999999986,2200000,101999.99999999996,2302000,2936900,ว่าง,
301,D,ทาวน์โฮม,D MOMENT,D MOMENT บ้านทาวน์โฮม,247355,89/301,23.4,3.3999999999999986,2200000,101999.99999999996,2302000,2936900,ว่าง,
302,D,ทาวน์โฮม,D MOMENT,D MOMENT บ้านทาวน์โฮม,247356,89/302,23.4,3.3999999999999986,2200000,101999.99999999996,2302000,2936900,ว่าง,
303,D,ทาวน์โฮม,D MOMENT,D MOMENT บ้านทาวน์โฮม,247357,89/303,23.4,3.3999999999999986,2200000,101999.99999999996,2302000,2936900,ว่าง,
304,D,ทาวน์โฮม,D MOMENT,D MOMENT บ้านทาวน์โฮม,247358,89/304,23.4,3.3999999999999986,2200000,101999.99999999996,2302000,2936900,ว่าง,
305,D,ทาวน์โฮม,D MOMENT,D MOMENT บ้านทาวน์โฮม,247359,89/305,23.4,3.3999999999999986,2200000,101999.99999999996,2302000,2936900,ว่าง,
306,D,ทาวน์โฮม,D MOMENT,D MOMENT บ้านทาวน์โฮม,247360,89/306,23.4,3.3999999999999986,2200000,101999.99999999996,2302000,2936900,ว่าง,
307,D,ทาวน์โฮม,D MOMENT,D MOMENT บ้านทาวน์โฮม,247361,89/307,23.4,3.3999999999999986,2200000,101999.99999999996,2302000,2936900,ว่าง,
308,D,ทาวน์โฮม,D MOMENT,D MOMENT บ้านทาวน์โฮม,247362,89/308,43.5,23.5,2200000,805000,3005000,3604750,ว่าง,
309,C,บ้านแฝดชั้นเดียว,C SECOND,C SECONDบ้านแฝดชั้นเดียว,247363,89/309,67.6,47.599999999999994,2200000,1527999.9999999998,3728000,4291600,ว่าง,
310,C,บ้านแฝดชั้นเดียว,C SECOND,C SECONDบ้านแฝดชั้นเดียว,247364,89/310,41.2,21.200000000000003,2200000,636000.0000000001,2836000,3444200,ว่าง,
311,C,บ้านแฝดชั้นเดียว,C SECOND,C SECONDบ้านแฝดชั้นเดียว,247365,89/311,41.2,21.200000000000003,2200000,636000.0000000001,2836000,3444200,ว่าง,
312,C,บ้านแฝดชั้นเดียว,C SECOND,C SECONDบ้านแฝดชั้นเดียว,247366,89/312,41.2,21.200000000000003,2200000,636000.0000000001,2836000,3444200,ว่าง,
313,C,บ้านแฝดชั้นเดียว,C SECOND,C SECONDบ้านแฝดชั้นเดียว,247367,89/313,41.2,21.200000000000003,2200000,636000.0000000001,2836000,3444200,ว่าง,
314,C,บ้านแฝดชั้นเดียว,C SECOND,C SECONDบ้านแฝดชั้นเดียว,247368,89/314,67.4,47.400000000000006,2200000,1522000.0000000002,3722000,4285900,ว่าง,
315,C,บ้านแฝดชั้นเดียว,C SECOND,C SECONDบ้านแฝดชั้นเดียว,247369,89/315,64.8,44.8,2200000,1444000,3644000,4211800,ว่าง,
316,C,บ้านแฝดชั้นเดียว,C SECOND,C SECONDบ้านแฝดชั้นเดียว,247370,89/316,41.2,21.200000000000003,2200000,636000.0000000001,2836000,3444200,ว่าง,
317,C,บ้านแฝดชั้นเดียว,C SECOND,C SECONDบ้านแฝดชั้นเดียว,247371,89/317,41.2,21.200000000000003,2200000,636000.0000000001,2836000,3444200,ว่าง,
318,C,บ้านแฝดชั้นเดียว,C SECOND,C SECONDบ้านแฝดชั้นเดียว,247372,89/318,41.2,21.200000000000003,2200000,636000.0000000001,2836000,3444200,ว่าง,
319,C,บ้านแฝดชั้นเดียว,C SECOND,C SECONDบ้านแฝดชั้นเดียว,247373,89/319,41.2,21.200000000000003,2200000,636000.0000000001,2836000,3444200,ว่าง,
320,C,บ้านแฝดชั้นเดียว,C SECOND,C SECONDบ้านแฝดชั้นเดียว,247374,89/320,57.7,37.7,2200000,1231000,3431000,4009450,ว่าง,
321,C,บ้านแฝดชั้นเดียว,C SECOND,C SECONDบ้านแฝดชั้นเดียว,247375,89/321,57.4,37.4,2200000,1222000,3422000,4000900,ว่าง,
322,C,บ้านแฝดชั้นเดียว,C SECOND,C SECONDบ้านแฝดชั้นเดียว,247376,89/322,41.3,21.299999999999997,2200000,638999.9999999999,2839000,3447050,ว่าง,
323,C,บ้านแฝดชั้นเดียว,C SECOND,C SECONDบ้านแฝดชั้นเดียว,247377,89/323,41.3,21.299999999999997,2200000,638999.9999999999,2839000,3447050,ว่าง,
324,C,บ้านแฝดชั้นเดียว,C SECOND,C SECONDบ้านแฝดชั้นเดียว,247378,89/324,41.3,21.299999999999997,2200000,638999.9999999999,2839000,3447050,ว่าง,
325,C,บ้านแฝดชั้นเดียว,C SECOND,C SECONDบ้านแฝดชั้นเดียว,247379,89/325,41.3,21.299999999999997,2200000,638999.9999999999,2839000,3447050,ว่าง,
326,C,บ้านแฝดชั้นเดียว,C SECOND,C SECONDบ้านแฝดชั้นเดียว,247380,89/326,61,41,2200000,1330000,3530000,4103500,ว่าง,
327,C,บ้านแฝดชั้นเดียว,C SECOND,C SECONDบ้านแฝดชั้นเดียว,247381,89/327,58.4,38.4,2200000,1252000,3452000,4029400,ว่าง,
328,C,บ้านแฝดชั้นเดียว,C SECOND,C SECONDบ้านแฝดชั้นเดียว,247382,89/328,41.3,21.299999999999997,2200000,638999.9999999999,2839000,3447050,ว่าง,
329,C,บ้านแฝดชั้นเดียว,C SECOND,C SECONDบ้านแฝดชั้นเดียว,247383,89/329,41.3,21.299999999999997,2200000,638999.9999999999,2839000,3447050,ว่าง,
330,C,บ้านแฝดชั้นเดียว,C SECOND,C SECONDบ้านแฝดชั้นเดียว,247384,89/330,41.3,21.299999999999997,2200000,638999.9999999999,2839000,3447050,ว่าง,
331,C,บ้านแฝดชั้นเดียว,C SECOND,C SECONDบ้านแฝดชั้นเดียว,247385,89/331,41.3,21.299999999999997,2200000,638999.9999999999,2839000,3447050,ว่าง,
332,C,บ้านแฝดชั้นเดียว,C SECOND,C SECONDบ้านแฝดชั้นเดียว,247386,89/332,57.2,37.2,2200000,1116000,3316000,3900200,ว่าง,
333,C,บ้านแฝดชั้นเดียว,C SECOND,C SECONDบ้านแฝดชั้นเดียว,247387,89/333,57,37,2200000,1210000,3410000,3989500,ว่าง,
334,C,บ้านแฝดชั้นเดียว,C SECOND,C SECONDบ้านแฝดชั้นเดียว,247388,89/334,41.3,21.299999999999997,2200000,738999.9999999999,2939000,3542050,ว่าง,
335,C,บ้านแฝดชั้นเดียว,C SECOND,C SECONDบ้านแฝดชั้นเดียว,247389,89/335,41.3,21.299999999999997,2200000,638999.9999999999,2839000,3447050,ว่าง,
336,C,บ้านแฝดชั้นเดียว,C SECOND,C SECONDบ้านแฝดชั้นเดียว,247390,89/336,41.3,21.299999999999997,2200000,638999.9999999999,2839000,3447050,ว่าง,
337,C,บ้านแฝดชั้นเดียว,C SECOND,C SECONDบ้านแฝดชั้นเดียว,247391,89/337,41.3,21.299999999999997,2200000,638999.9999999999,2839000,3447050,ว่าง,
338,C,บ้านแฝดชั้นเดียว,C SECOND,C SECONDบ้านแฝดชั้นเดียว,247392,89/338,54.4,34.4,2200000,1132000,3332000,3915400,ว่าง,
339,C,บ้านแฝดชั้นเดียว,C SECOND,C SECONDบ้านแฝดชั้นเดียว,247393,89/339,51.9,31.9,2200000,1057000,3257000,3844150,ว่าง,
340,C,บ้านแฝดชั้นเดียว,C SECOND,C SECONDบ้านแฝดชั้นเดียว,247394,89/340,41.3,21.299999999999997,2200000,638999.9999999999,2839000,3447050,ว่าง,
341,C,บ้านแฝดชั้นเดียว,C SECOND,C SECONDบ้านแฝดชั้นเดียว,247395,89/341,41.3,21.299999999999997,2200000,638999.9999999999,2839000,3447050,ว่าง,
342,C,บ้านแฝดชั้นเดียว,C SECOND,C SECONDบ้านแฝดชั้นเดียว,247396,89/342,41.3,21.299999999999997,2200000,638999.9999999999,2839000,3447050,ว่าง,
343,C,บ้านแฝดชั้นเดียว,C SECOND,C SECONDบ้านแฝดชั้นเดียว,247397,89/343,41.3,21.299999999999997,2200000,638999.9999999999,2839000,3447050,ว่าง,
344,C,บ้านแฝดชั้นเดียว,C SECOND,C SECONDบ้านแฝดชั้นเดียว,247398,89/344,56.8,36.8,2200000,1204000,3404000,3983800,ว่าง,
345,C,บ้านแฝดชั้นเดียว,C SECOND,C SECONDบ้านแฝดชั้นเดียว,247399,89/345,56.5,36.5,2200000,1195000,3395000,3975250,ว่าง,
346,C,บ้านแฝดชั้นเดียว,C SECOND,C SECONDบ้านแฝดชั้นเดียว,247400,89/346,41.2,21.200000000000003,2200000,636000.0000000001,2836000,3444200,ว่าง,
347,C,บ้านแฝดชั้นเดียว,C SECOND,C SECONDบ้านแฝดชั้นเดียว,247401,89/347,41.2,21.200000000000003,2200000,636000.0000000001,2836000,3444200,ว่าง,
348,C,บ้านแฝดชั้นเดียว,C SECOND,C SECONDบ้านแฝดชั้นเดียว,247402,89/348,41.2,21.200000000000003,2200000,636000.0000000001,2836000,3444200,ว่าง,
349,C,บ้านแฝดชั้นเดียว,C SECOND,C SECONDบ้านแฝดชั้นเดียว,247403,89/349,41.2,21.200000000000003,2200000,636000.0000000001,2836000,3444200,ว่าง,
350,C,บ้านแฝดชั้นเดียว,C SECOND,C SECONDบ้านแฝดชั้นเดียว,247404,89/350,48,28,2200000,940000,3140000,3733000,ว่าง,
351,C,บ้านแฝดชั้นเดียว,C SECOND,C SECONDบ้านแฝดชั้นเดียว,247405,89/351,47.7,27.700000000000003,2200000,931000.0000000001,3131000,3724450,ว่าง,
352,C,บ้านแฝดชั้นเดียว,C SECOND,C SECONDบ้านแฝดชั้นเดียว,247406,89/352,41.2,21.200000000000003,2200000,636000.0000000001,2836000,3444200,ว่าง,
353,C,บ้านแฝดชั้นเดียว,C SECOND,C SECONDบ้านแฝดชั้นเดียว,247407,89/353,41.2,21.200000000000003,2200000,636000.0000000001,2836000,3444200,ว่าง,
354,C,บ้านแฝดชั้นเดียว,C SECOND,C SECONDบ้านแฝดชั้นเดียว,247408,89/354,41.2,21.200000000000003,2200000,636000.0000000001,2836000,3444200,ว่าง,
355,C,บ้านแฝดชั้นเดียว,C SECOND,C SECONDบ้านแฝดชั้นเดียว,247409,89/355,41.2,21.200000000000003,2200000,636000.0000000001,2836000,3444200,ว่าง,
356,C,บ้านแฝดชั้นเดียว,C SECOND,C SECONDบ้านแฝดชั้นเดียว,247410,89/356,56.3,36.3,2200000,1189000,3389000,3969550,ว่าง,
357,C,บ้านแฝดชั้นเดียว,C SECOND,C SECONDบ้านแฝดชั้นเดียว,247411,89/357,56,36,2200000,1180000,3380000,3961000,ว่าง,
358,C,บ้านแฝดชั้นเดียว,C SECOND,C SECONDบ้านแฝดชั้นเดียว,247412,89/358,41.2,21.200000000000003,2200000,636000.0000000001,2836000,3444200,ว่าง,
359,C,บ้านแฝดชั้นเดียว,C SECOND,C SECONDบ้านแฝดชั้นเดียว,247413,89/359,41.2,21.200000000000003,2200000,636000.0000000001,2836000,3444200,ว่าง,
360,C,บ้านแฝดชั้นเดียว,C SECOND,C SECONDบ้านแฝดชั้นเดียว,247414,89/360,41.2,21.200000000000003,2200000,636000.0000000001,2836000,3444200,ว่าง,
361,C,บ้านแฝดชั้นเดียว,C SECOND,C SECONDบ้านแฝดชั้นเดียว,247415,89/361,41.2,21.200000000000003,2200000,636000.0000000001,2836000,3444200,ว่าง,
362,C,บ้านแฝดชั้นเดียว,C SECOND,C SECONDบ้านแฝดชั้นเดียว,247416,89/362,48.9,28.9,2200000,967000,3167000,3758650,ว่าง,
363,C,บ้านแฝดชั้นเดียว,C SECOND,C SECONDบ้านแฝดชั้นเดียว,247417,89/363,49.6,29.6,2200000,988000,3188000,3778600,ว่าง,
364,C,บ้านแฝดชั้นเดียว,C SECOND,C SECONDบ้านแฝดชั้นเดียว,247418,89/364,41.2,21.200000000000003,2200000,636000.0000000001,2836000,3444200,ว่าง,
365,C,บ้านแฝดชั้นเดียว,C SECOND,C SECONDบ้านแฝดชั้นเดียว,247419,89/365,41.2,21.200000000000003,2200000,636000.0000000001,2836000,3444200,ว่าง,
366,C,บ้านแฝดชั้นเดียว,C SECOND,C SECONDบ้านแฝดชั้นเดียว,247420,89/366,41.2,21.200000000000003,2200000,636000.0000000001,2836000,3444200,ว่าง,
367,C,บ้านแฝดชั้นเดียว,C SECOND,C SECONDบ้านแฝดชั้นเดียว,247421,89/367,41.2,21.200000000000003,2200000,636000.0000000001,2836000,3444200,ว่าง,
368,C,บ้านแฝดชั้นเดียว,C SECOND,C SECONDบ้านแฝดชั้นเดียว,247422,89/368,48.1,28.1,2200000,943000,3143000,3735850,ว่าง,
369,D,ทาวน์โฮม,D MOMENT,D MOMENT บ้านทาวน์โฮม,247423,89/369,36.9,16.9,2200000,607000,2807000,3416650,ว่าง,
370,D,ทาวน์โฮม,D MOMENT,D MOMENT บ้านทาวน์โฮม,247424,89/370,23.4,3.3999999999999986,2200000,101999.99999999996,2302000,2936900,ว่าง,
371,D,ทาวน์โฮม,D MOMENT,D MOMENT บ้านทาวน์โฮม,247425,89/371,23.4,3.3999999999999986,2200000,101999.99999999996,2302000,2936900,ว่าง,
372,D,ทาวน์โฮม,D MOMENT,D MOMENT บ้านทาวน์โฮม,247426,89/372,23.4,3.3999999999999986,2200000,101999.99999999996,2302000,2936900,ว่าง,
373,D,ทาวน์โฮม,D MOMENT,D MOMENT บ้านทาวน์โฮม,247427,89/373,23.4,3.3999999999999986,2200000,101999.99999999996,2302000,2936900,ว่าง,
374,D,ทาวน์โฮม,D MOMENT,D MOMENT บ้านทาวน์โฮม,247428,89/374,23.4,3.3999999999999986,2200000,101999.99999999996,2302000,2936900,ว่าง,
375,D,ทาวน์โฮม,D MOMENT,D MOMENT บ้านทาวน์โฮม,247429,89/375,23.4,3.3999999999999986,2200000,101999.99999999996,2302000,2936900,ว่าง,
376,D,ทาวน์โฮม,D MOMENT,D MOMENT บ้านทาวน์โฮม,247430,89/376,23.4,3.3999999999999986,2200000,101999.99999999996,2302000,2936900,ว่าง,
377,D,ทาวน์โฮม,D MOMENT,D MOMENT บ้านทาวน์โฮม,247431,89/377,23.4,3.3999999999999986,2200000,101999.99999999996,2302000,2936900,ว่าง,
378,D,ทาวน์โฮม,D MOMENT,D MOMENT บ้านทาวน์โฮม,247432,89/378,23.4,3.3999999999999986,2200000,101999.99999999996,2302000,2936900,ว่าง,
379,D,ทาวน์โฮม,D MOMENT,D MOMENT บ้านทาวน์โฮม,247433,89/379,34.6,14.600000000000001,2200000,538000,2738000,3351100,ว่าง,
380,D,ทาวน์โฮม,D MOMENT,D MOMENT บ้านทาวน์โฮม,247434,89/380,35.5,15.5,2200000,565000,2765000,3376750,ว่าง,
381,D,ทาวน์โฮม,D MOMENT,D MOMENT บ้านทาวน์โฮม,247435,89/381,23.4,3.3999999999999986,2200000,101999.99999999996,2302000,2936900,ว่าง,
382,D,ทาวน์โฮม,D MOMENT,D MOMENT บ้านทาวน์โฮม,247436,89/382,23.4,3.3999999999999986,2200000,101999.99999999996,2302000,2936900,ว่าง,
383,D,ทาวน์โฮม,D MOMENT,D MOMENT บ้านทาวน์โฮม,247437,89/383,23.4,3.3999999999999986,2200000,101999.99999999996,2302000,2936900,ว่าง,
384,D,ทาวน์โฮม,D MOMENT,D MOMENT บ้านทาวน์โฮม,247438,89/384,23.4,3.3999999999999986,2200000,101999.99999999996,2302000,2936900,ว่าง,
385,D,ทาวน์โฮม,D MOMENT,D MOMENT บ้านทาวน์โฮม,247439,89/385,23.4,3.3999999999999986,2200000,101999.99999999996,2302000,2936900,ว่าง,
386,D,ทาวน์โฮม,D MOMENT,D MOMENT บ้านทาวน์โฮม,247440,89/386,23.4,3.3999999999999986,2200000,101999.99999999996,2302000,2936900,ว่าง,
387,D,ทาวน์โฮม,D MOMENT,D MOMENT บ้านทาวน์โฮม,247441,89/387,23.4,3.3999999999999986,2200000,101999.99999999996,2302000,2936900,ว่าง,
388,D,ทาวน์โฮม,D MOMENT,D MOMENT บ้านทาวน์โฮม,247442,89/388,23.4,3.3999999999999986,2200000,101999.99999999996,2302000,2936900,ว่าง,
389,D,ทาวน์โฮม,D MOMENT,D MOMENT บ้านทาวน์โฮม,247443,89/389,23.4,3.3999999999999986,2200000,101999.99999999996,2302000,2936900,ว่าง,
390,D,ทาวน์โฮม,D MOMENT,D MOMENT บ้านทาวน์โฮม,247444,89/390,36.7,16.700000000000003,2200000,601000,2801000,3410950,ว่าง,
391,D,ทาวน์โฮม,D MOMENT,D MOMENT บ้านทาวน์โฮม,247445,89/391,42.3,22.299999999999997,2200000,768999.9999999999,2969000,3570550,ว่าง,
392,D,ทาวน์โฮม,D MOMENT,D MOMENT บ้านทาวน์โฮม,247446,89/392,23.4,3.3999999999999986,2200000,101999.99999999996,2302000,2936900,ว่าง,
393,D,ทาวน์โฮม,D MOMENT,D MOMENT บ้านทาวน์โฮม,247447,89/393,23.4,3.3999999999999986,2200000,101999.99999999996,2302000,2936900,ว่าง,
394,D,ทาวน์โฮม,D MOMENT,D MOMENT บ้านทาวน์โฮม,247448,89/394,23.4,3.3999999999999986,2200000,101999.99999999996,2302000,2936900,ว่าง,
395,D,ทาวน์โฮม,D MOMENT,D MOMENT บ้านทาวน์โฮม,247449,89/395,23.4,3.3999999999999986,2200000,101999.99999999996,2302000,2936900,ว่าง,
396,D,ทาวน์โฮม,D MOMENT,D MOMENT บ้านทาวน์โฮม,247450,89/396,23.4,3.3999999999999986,2200000,101999.99999999996,2302000,2936900,ว่าง,
397,D,ทาวน์โฮม,D MOMENT,D MOMENT บ้านทาวน์โฮม,247451,89/397,23.4,3.3999999999999986,2200000,101999.99999999996,2302000,2936900,ว่าง,
398,D,ทาวน์โฮม,D MOMENT,D MOMENT บ้านทาวน์โฮม,247452,89/398,23.4,3.3999999999999986,2200000,101999.99999999996,2302000,2936900,ว่าง,
399,D,ทาวน์โฮม,D MOMENT,D MOMENT บ้านทาวน์โฮม,247453,89/399,23.4,3.3999999999999986,2200000,101999.99999999996,2302000,2936900,ว่าง,
400,D,ทาวน์โฮม,D MOMENT,D MOMENT บ้านทาวน์โฮม,247454,89/400,23.4,3.3999999999999986,2200000,101999.99999999996,2302000,2936900,ว่าง,
401,D,ทาวน์โฮม,D MOMENT,D MOMENT บ้านทาวน์โฮม,247455,89/401,39.5,19.5,2200000,685000,2885000,3490750,ว่าง,
402,D,ทาวน์โฮม,D MOMENT,D MOMENT บ้านทาวน์โฮม,247456,89/402,40.4,20.4,2200000,712000,2912000,3516400,ว่าง,
403,D,ทาวน์โฮม,D MOMENT,D MOMENT บ้านทาวน์โฮม,247457,89/403,23.4,3.3999999999999986,2200000,101999.99999999996,2302000,2936900,ว่าง,
404,D,ทาวน์โฮม,D MOMENT,D MOMENT บ้านทาวน์โฮม,247458,89/404,23.4,3.3999999999999986,2200000,101999.99999999996,2302000,2936900,ว่าง,
405,D,ทาวน์โฮม,D MOMENT,D MOMENT บ้านทาวน์โฮม,247459,89/405,23.4,3.3999999999999986,2200000,101999.99999999996,2302000,2936900,ว่าง,
406,D,ทาวน์โฮม,D MOMENT,D MOMENT บ้านทาวน์โฮม,247460,89/406,23.4,3.3999999999999986,2200000,101999.99999999996,2302000,2936900,ว่าง,
407,D,ทาวน์โฮม,D MOMENT,D MOMENT บ้านทาวน์โฮม,247461,89/407,23.4,3.3999999999999986,2200000,101999.99999999996,2302000,2936900,ว่าง,
408,D,ทาวน์โฮม,D MOMENT,D MOMENT บ้านทาวน์โฮม,247462,89/408,23.4,3.3999999999999986,2200000,101999.99999999996,2302000,2936900,ว่าง,
409,D,ทาวน์โฮม,D MOMENT,D MOMENT บ้านทาวน์โฮม,247463,89/409,23.4,3.3999999999999986,2200000,101999.99999999996,2302000,2936900,ว่าง,
410,D,ทาวน์โฮม,D MOMENT,D MOMENT บ้านทาวน์โฮม,247464,89/410,23.4,3.3999999999999986,2200000,101999.99999999996,2302000,2936900,ว่าง,
411,D,ทาวน์โฮม,D MOMENT,D MOMENT บ้านทาวน์โฮม,247465,89/411,23.4,3.3999999999999986,2200000,101999.99999999996,2302000,2936900,ว่าง,
412,D,ทาวน์โฮม,D MOMENT,D MOMENT บ้านทาวน์โฮม,247466,89/412,42.3,22.299999999999997,2200000,768999.9999999999,2969000,3570550,ว่าง,
413,D,ทาวน์โฮม,D MOMENT,D MOMENT บ้านทาวน์โฮม,247467,89/413,45.1,25.1,2200000,853000,3053000,3650350,ว่าง,
414,D,ทาวน์โฮม,D MOMENT,D MOMENT บ้านทาวน์โฮม,247468,89/414,23.4,3.3999999999999986,2200000,101999.99999999996,2302000,2936900,ว่าง,
415,D,ทาวน์โฮม,D MOMENT,D MOMENT บ้านทาวน์โฮม,247469,89/415,23.4,3.3999999999999986,2200000,101999.99999999996,2302000,2936900,ว่าง,
416,D,ทาวน์โฮม,D MOMENT,D MOMENT บ้านทาวน์โฮม,247470,89/416,23.4,3.3999999999999986,2200000,101999.99999999996,2302000,2936900,ว่าง,
417,D,ทาวน์โฮม,D MOMENT,D MOMENT บ้านทาวน์โฮม,247471,89/417,23.4,3.3999999999999986,2200000,101999.99999999996,2302000,2936900,ว่าง,
418,D,ทาวน์โฮม,D MOMENT,D MOMENT บ้านทาวน์โฮม,247472,89/418,23.4,3.3999999999999986,2200000,101999.99999999996,2302000,2936900,ว่าง,
419,D,ทาวน์โฮม,D MOMENT,D MOMENT บ้านทาวน์โฮม,247473,89/419,23.4,3.3999999999999986,2200000,101999.99999999996,2302000,2936900,ว่าง,
420,D,ทาวน์โฮม,D MOMENT,D MOMENT บ้านทาวน์โฮม,247474,89/420,23.4,3.3999999999999986,2200000,101999.99999999996,2302000,2936900,ว่าง,
421,D,ทาวน์โฮม,D MOMENT,D MOMENT บ้านทาวน์โฮม,247475,89/421,23.4,3.3999999999999986,2200000,101999.99999999996,2302000,2936900,ว่าง,
422,D,ทาวน์โฮม,D MOMENT,D MOMENT บ้านทาวน์โฮม,247476,89/422,23.4,3.3999999999999986,2200000,101999.99999999996,2302000,2936900,ว่าง,
423,D,ทาวน์โฮม,D MOMENT,D MOMENT บ้านทาวน์โฮม,247477,89/423,41.8,21.799999999999997,2200000,753999.9999999999,2954000,3556300,ว่าง,
424,D,ทาวน์โฮม,D MOMENT,D MOMENT บ้านทาวน์โฮม,247478,89/424,42.8,22.799999999999997,2200000,783999.9999999999,2984000,3584800,ว่าง,
425,D,ทาวน์โฮม,D MOMENT,D MOMENT บ้านทาวน์โฮม,247479,89/425,23.4,3.3999999999999986,2200000,101999.99999999996,2302000,2936900,ว่าง,
426,D,ทาวน์โฮม,D MOMENT,D MOMENT บ้านทาวน์โฮม,247480,89/426,23.4,3.3999999999999986,2200000,101999.99999999996,2302000,2936900,ว่าง,
427,D,ทาวน์โฮม,D MOMENT,D MOMENT บ้านทาวน์โฮม,247481,89/427,23.4,3.3999999999999986,2200000,101999.99999999996,2302000,2936900,ว่าง,
428,D,ทาวน์โฮม,D MOMENT,D MOMENT บ้านทาวน์โฮม,247482,89/428,23.4,3.3999999999999986,2200000,101999.99999999996,2302000,2936900,ว่าง,
429,D,ทาวน์โฮม,D MOMENT,D MOMENT บ้านทาวน์โฮม,247483,89/429,23.4,3.3999999999999986,2200000,101999.99999999996,2302000,2936900,ว่าง,
430,D,ทาวน์โฮม,D MOMENT,D MOMENT บ้านทาวน์โฮม,247484,89/430,23.4,3.3999999999999986,2200000,101999.99999999996,2302000,2936900,ว่าง,
431,D,ทาวน์โฮม,D MOMENT,D MOMENT บ้านทาวน์โฮม,247485,89/431,23.4,3.3999999999999986,2200000,101999.99999999996,2302000,2936900,ว่าง,
432,D,ทาวน์โฮม,D MOMENT,D MOMENT บ้านทาวน์โฮม,247486,89/432,23.4,3.3999999999999986,2200000,101999.99999999996,2302000,2936900,ว่าง,
433,D,ทาวน์โฮม,D MOMENT,D MOMENT บ้านทาวน์โฮม,247487,89/433,23.4,3.3999999999999986,2200000,101999.99999999996,2302000,2936900,ว่าง,
434,D,ทาวน์โฮม,D MOMENT,D MOMENT บ้านทาวน์โฮม,247488,89/434,47.4,27.4,2200000,922000,3122000,3715900,ว่าง,
435,D,ทาวน์โฮม,D MOMENT,D MOMENT บ้านทาวน์โฮม,247489,89/435,33,13,2200000,490000,2690000,3305500,ว่าง,
436,D,ทาวน์โฮม,D MOMENT,D MOMENT บ้านทาวน์โฮม,247490,89/436,23.4,3.3999999999999986,2200000,101999.99999999996,2302000,2936900,ว่าง,
437,D,ทาวน์โฮม,D MOMENT,D MOMENT บ้านทาวน์โฮม,247491,89/437,23.4,3.3999999999999986,2200000,101999.99999999996,2302000,2936900,ว่าง,
438,D,ทาวน์โฮม,D MOMENT,D MOMENT บ้านทาวน์โฮม,247492,89/438,23.4,3.3999999999999986,2200000,101999.99999999996,2302000,2936900,ว่าง,
439,D,ทาวน์โฮม,D MOMENT,D MOMENT บ้านทาวน์โฮม,247493,89/439,23.4,3.3999999999999986,2200000,101999.99999999996,2302000,2936900,ว่าง,
440,D,ทาวน์โฮม,D MOMENT,D MOMENT บ้านทาวน์โฮม,247494,89/440,23.4,3.3999999999999986,2200000,101999.99999999996,2302000,2936900,ว่าง,
441,D,ทาวน์โฮม,D MOMENT,D MOMENT บ้านทาวน์โฮม,247495,89/441,23.4,3.3999999999999986,2200000,101999.99999999996,2302000,2936900,ว่าง,
442,D,ทาวน์โฮม,D MOMENT,D MOMENT บ้านทาวน์โฮม,247496,89/442,23.4,3.3999999999999986,2200000,101999.99999999996,2302000,2936900,ว่าง,
443,D,ทาวน์โฮม,D MOMENT,D MOMENT บ้านทาวน์โฮม,247497,89/443,23.4,3.3999999999999986,2200000,101999.99999999996,2302000,2936900,ว่าง,
444,D,ทาวน์โฮม,D MOMENT,D MOMENT บ้านทาวน์โฮม,247498,89/444,23.4,3.3999999999999986,2200000,101999.99999999996,2302000,2936900,ว่าง,
445,D,ทาวน์โฮม,D MOMENT,D MOMENT บ้านทาวน์โฮม,247499,89/445,23.4,3.3999999999999986,2200000,101999.99999999996,2302000,2936900,ว่าง,
446,D,ทาวน์โฮม,D MOMENT,D MOMENT บ้านทาวน์โฮม,247500,89/446,38.5,18.5,2200000,655000,2855000,3462250,ว่าง,
447,D,ทาวน์โฮม,D MOMENT,D MOMENT บ้านทาวน์โฮม,247501,89/447,39.4,19.4,2200000,682000,2882000,3487900,ว่าง,
448,D,ทาวน์โฮม,D MOMENT,D MOMENT บ้านทาวน์โฮม,247502,89/448,23.4,3.3999999999999986,2200000,101999.99999999996,2302000,2936900,ว่าง,
449,D,ทาวน์โฮม,D MOMENT,D MOMENT บ้านทาวน์โฮม,247503,89/449,23.4,3.3999999999999986,2200000,101999.99999999996,2302000,2936900,ว่าง,
450,D,ทาวน์โฮม,D MOMENT,D MOMENT บ้านทาวน์โฮม,247504,89/450,23.4,3.3999999999999986,2200000,101999.99999999996,2302000,2936900,ว่าง,
451,D,ทาวน์โฮม,D MOMENT,D MOMENT บ้านทาวน์โฮม,247505,89/451,23.4,3.3999999999999986,2200000,101999.99999999996,2302000,2936900,ว่าง,
452,D,ทาวน์โฮม,D MOMENT,D MOMENT บ้านทาวน์โฮม,247506,89/452,23.4,3.3999999999999986,2200000,101999.99999999996,2302000,2936900,ว่าง,
453,D,ทาวน์โฮม,D MOMENT,D MOMENT บ้านทาวน์โฮม,247507,89/453,23.4,3.3999999999999986,2200000,101999.99999999996,2302000,2936900,ว่าง,
454,D,ทาวน์โฮม,D MOMENT,D MOMENT บ้านทาวน์โฮม,247508,89/454,23.4,3.3999999999999986,2200000,101999.99999999996,2302000,2936900,ว่าง,
455,D,ทาวน์โฮม,D MOMENT,D MOMENT บ้านทาวน์โฮม,247509,89/455,23.4,3.3999999999999986,2200000,101999.99999999996,2302000,2936900,ว่าง,
456,D,ทาวน์โฮม,D MOMENT,D MOMENT บ้านทาวน์โฮม,247510,89/456,23.4,3.3999999999999986,2200000,101999.99999999996,2302000,2936900,ว่าง,
457,D,ทาวน์โฮม,D MOMENT,D MOMENT บ้านทาวน์โฮม,247511,89/457,23.4,3.3999999999999986,2200000,101999.99999999996,2302000,2936900,ว่าง,
458,D,ทาวน์โฮม,D MOMENT,D MOMENT บ้านทาวน์โฮม,247512,89/458,35.3,15.299999999999997,2200000,559000,2759000,3371050,ว่าง,
459,D,ทาวน์โฮม,D MOMENT,D MOMENT บ้านทาวน์โฮม,247513,89/459,54.1,34.1,2200000,1123000,3323000,3906850,ว่าง,
460,D,ทาวน์โฮม,D MOMENT,D MOMENT บ้านทาวน์โฮม,247514,89/460,23.4,3.3999999999999986,2200000,101999.99999999996,2302000,2936900,ว่าง,
461,D,ทาวน์โฮม,D MOMENT,D MOMENT บ้านทาวน์โฮม,247515,89/461,23.4,3.3999999999999986,2200000,101999.99999999996,2302000,2936900,ว่าง,
462,D,ทาวน์โฮม,D MOMENT,D MOMENT บ้านทาวน์โฮม,247516,89/462,33.9,13.899999999999999,2200000,516999.99999999994,2717000,3331150,ว่าง,
463,D,ทาวน์โฮม,D MOMENT,D MOMENT บ้านทาวน์โฮม,247517,89/463,32.6,12.600000000000001,2200000,478000.00000000006,2678000,3294100,ว่าง,
464,D,ทาวน์โฮม,D MOMENT,D MOMENT บ้านทาวน์โฮม,247518,89/464,23.4,3.3999999999999986,2200000,101999.99999999996,2302000,2936900,ว่าง,
465,D,ทาวน์โฮม,D MOMENT,D MOMENT บ้านทาวน์โฮม,247519,89/465,23.4,3.3999999999999986,2200000,101999.99999999996,2302000,2936900,ว่าง,
466,D,ทาวน์โฮม,D MOMENT,D MOMENT บ้านทาวน์โฮม,247520,89/466,23.4,3.3999999999999986,2200000,101999.99999999996,2302000,2936900,ว่าง,
467,D,ทาวน์โฮม,D MOMENT,D MOMENT บ้านทาวน์โฮม,247521,89/467,33,13,2200000,490000,2690000,3305500,ว่าง,
468,D,ทาวน์โฮม,D MOMENT,D MOMENT บ้านทาวน์โฮม,247522,89/468,33,13,2200000,490000,2690000,3305500,ว่าง,
469,D,ทาวน์โฮม,D MOMENT,D MOMENT บ้านทาวน์โฮม,247523,89/469,23.4,3.3999999999999986,2200000,101999.99999999996,2302000,2936900,ว่าง,
470,D,ทาวน์โฮม,D MOMENT,D MOMENT บ้านทาวน์โฮม,247524,89/470,23.4,3.3999999999999986,2200000,101999.99999999996,2302000,2936900,ว่าง,
471,D,ทาวน์โฮม,D MOMENT,D MOMENT บ้านทาวน์โฮม,247525,89/471,23.4,3.3999999999999986,2200000,101999.99999999996,2302000,2936900,ว่าง,
472,D,ทาวน์โฮม,D MOMENT,D MOMENT บ้านทาวน์โฮม,247526,89/472,35,15,2200000,550000,2750000,3362500,ว่าง,
473,D,ทาวน์โฮม,D MOMENT,D MOMENT บ้านทาวน์โฮม,247527,89/473,35,15,2200000,550000,2750000,3362500,ว่าง,
474,D,ทาวน์โฮม,D MOMENT,D MOMENT บ้านทาวน์โฮม,247528,89/474,23.4,3.3999999999999986,2200000,101999.99999999996,2302000,2936900,ว่าง,
475,D,ทาวน์โฮม,D MOMENT,D MOMENT บ้านทาวน์โฮม,247529,89/475,23.4,3.3999999999999986,2200000,101999.99999999996,2302000,2936900,ว่าง,
476,D,ทาวน์โฮม,D MOMENT,D MOMENT บ้านทาวน์โฮม,247530,89/476,23.4,3.3999999999999986,2200000,101999.99999999996,2302000,2936900,ว่าง,
477,D,ทาวน์โฮม,D MOMENT,D MOMENT บ้านทาวน์โฮม,247531,89/477,33,13,2200000,490000,2690000,3305500,ว่าง,
478,D,ทาวน์โฮม,D MOMENT,D MOMENT บ้านทาวน์โฮม,247532,89/478,35.7,15.700000000000003,2200000,571000,2771000,3382450,ว่าง,
479,D,ทาวน์โฮม,D MOMENT,D MOMENT บ้านทาวน์โฮม,247533,89/479,24,4,2200000,120000,2320000,2954000,ว่าง,
480,D,ทาวน์โฮม,D MOMENT,D MOMENT บ้านทาวน์โฮม,247534,89/480,24.5,4.5,2200000,135000,2335000,2968250,ว่าง,
481,D,ทาวน์โฮม,D MOMENT,D MOMENT บ้านทาวน์โฮม,247535,89/481,24.9,4.899999999999999,2200000,146999.99999999997,2347000,2979650,ว่าง,
482,D,ทาวน์โฮม,D MOMENT,D MOMENT บ้านทาวน์โฮม,247536,89/482,25.4,5.399999999999999,2200000,161999.99999999997,2362000,2993900,ว่าง,
483,D,ทาวน์โฮม,D MOMENT,D MOMENT บ้านทาวน์โฮม,247537,89/483,52.4,32.4,2200000,1072000,3272000,3858400,ว่าง,
